2026-09-27T09:16:15.449Z,cs,1.19%,1.379GiB / 2GiB
2026-09-27T09:16:15.449Z,ss1,102.91%,2.102GiB / 4GiB
2026-09-27T09:16:15.449Z,ss2,56.06%,2.153GiB / 4GiB
2026-09-27T09:16:15.449Z,is-provider,0.99%,9.789MiB / 256MiB
2026-09-27T09:16:15.948Z,cs,1.19%,1.379GiB / 2GiB
2026-09-27T09:16:15.948Z,ss1,102.91%,2.102GiB / 4GiB
2026-09-27T09:16:15.948Z,ss2,56.06%,2.153GiB / 4GiB
2026-09-27T09:16:15.948Z,is-provider,0.99%,9.789MiB / 256MiB
2026-09-27T09:16:16.448Z,cs,1.00%,1.379GiB / 2GiB
2026-09-27T09:16:16.448Z,ss1,90.45%,2.103GiB / 4GiB
2026-09-27T09:16:16.448Z,ss2,195.24%,2.161GiB / 4GiB
2026-09-27T09:16:16.448Z,is-provider,0.46%,10.73MiB / 256MiB
2026-09-27T09:16:16.948Z,cs,1.00%,1.379GiB / 2GiB
2026-09-27T09:16:16.948Z,ss1,90.45%,2.103GiB / 4GiB
2026-09-27T09:16:16.948Z,ss2,195.24%,2.161GiB / 4GiB
2026-09-27T09:16:16.948Z,is-provider,0.46%,10.73MiB / 256MiB
2026-09-27T09:16:17.448Z,cs,1.04%,1.379GiB / 2GiB
2026-09-27T09:16:17.448Z,ss1,207.33%,2.106GiB / 4GiB
2026-09-27T09:16:17.448Z,ss2,143.62%,2.163GiB / 4GiB
2026-09-27T09:16:17.448Z,is-provider,0.13%,10.22MiB / 256MiB
2026-09-27T09:16:17.951Z,cs,1.04%,1.379GiB / 2GiB
2026-09-27T09:16:17.951Z,ss1,207.33%,2.106GiB / 4GiB
2026-09-27T09:16:17.951Z,ss2,143.62%,2.163GiB / 4GiB
2026-09-27T09:16:17.951Z,is-provider,0.13%,10.22MiB / 256MiB
2026-09-27T09:16:18.448Z,cs,1.15%,1.378GiB / 2GiB
2026-09-27T09:16:18.448Z,ss1,192.06%,2.11GiB / 4GiB
2026-09-27T09:16:18.448Z,ss2,195.33%,2.167GiB / 4GiB
2026-09-27T09:16:18.448Z,is-provider,5.22%,10.57MiB / 256MiB
2026-09-27T09:16:18.948Z,cs,1.15%,1.378GiB / 2GiB
2026-09-27T09:16:18.948Z,ss1,192.06%,2.11GiB / 4GiB
2026-09-27T09:16:18.948Z,ss2,195.33%,2.167GiB / 4GiB
2026-09-27T09:16:18.948Z,is-provider,5.22%,10.57MiB / 256MiB
2026-09-27T09:16:19.448Z,cs,1.26%,1.378GiB / 2GiB
2026-09-27T09:16:19.448Z,ss1,204.88%,2.112GiB / 4GiB
2026-09-27T09:16:19.448Z,ss2,184.36%,2.169GiB / 4GiB
2026-09-27T09:16:19.448Z,is-provider,0.44%,10.02MiB / 256MiB
2026-09-27T09:16:19.949Z,cs,1.26%,1.378GiB / 2GiB
2026-09-27T09:16:19.949Z,ss1,204.88%,2.112GiB / 4GiB
2026-09-27T09:16:19.949Z,ss2,184.36%,2.169GiB / 4GiB
2026-09-27T09:16:19.949Z,is-provider,0.44%,10.02MiB / 256MiB
2026-09-27T09:16:20.448Z,cs,5.51%,1.379GiB / 2GiB
2026-09-27T09:16:20.448Z,ss1,172.66%,2.113GiB / 4GiB
2026-09-27T09:16:20.448Z,ss2,204.33%,2.171GiB / 4GiB
2026-09-27T09:16:20.448Z,is-provider,0.52%,10.51MiB / 256MiB
2026-09-27T09:16:20.948Z,cs,5.51%,1.379GiB / 2GiB
2026-09-27T09:16:20.948Z,ss1,172.66%,2.113GiB / 4GiB
2026-09-27T09:16:20.948Z,ss2,204.33%,2.171GiB / 4GiB
2026-09-27T09:16:20.948Z,is-provider,0.52%,10.51MiB / 256MiB
2026-09-27T09:16:21.448Z,cs,1.19%,1.378GiB / 2GiB
2026-09-27T09:16:21.448Z,ss1,212.38%,2.116GiB / 4GiB
2026-09-27T09:16:21.448Z,ss2,167.17%,2.171GiB / 4GiB
2026-09-27T09:16:21.448Z,is-provider,0.29%,10.48MiB / 256MiB
2026-09-27T09:16:21.948Z,cs,1.19%,1.378GiB / 2GiB
2026-09-27T09:16:21.948Z,ss1,212.38%,2.116GiB / 4GiB
2026-09-27T09:16:21.948Z,ss2,167.17%,2.171GiB / 4GiB
2026-09-27T09:16:21.948Z,is-provider,0.29%,10.48MiB / 256MiB
2026-09-27T09:16:22.448Z,cs,13.04%,1.379GiB / 2GiB
2026-09-27T09:16:22.448Z,ss1,141.00%,2.117GiB / 4GiB
2026-09-27T09:16:22.448Z,ss2,187.23%,2.174GiB / 4GiB
2026-09-27T09:16:22.448Z,is-provider,0.69%,10.13MiB / 256MiB
2026-09-27T09:16:22.948Z,cs,13.04%,1.379GiB / 2GiB
2026-09-27T09:16:22.948Z,ss1,141.00%,2.117GiB / 4GiB
2026-09-27T09:16:22.948Z,ss2,187.23%,2.174GiB / 4GiB
2026-09-27T09:16:22.948Z,is-provider,0.69%,10.13MiB / 256MiB
2026-09-27T09:16:23.449Z,cs,45.24%,1.38GiB / 2GiB
2026-09-27T09:16:23.449Z,ss1,205.38%,2.119GiB / 4GiB
2026-09-27T09:16:23.449Z,ss2,185.63%,2.176GiB / 4GiB
2026-09-27T09:16:23.449Z,is-provider,6.14%,10.23MiB / 256MiB
2026-09-27T09:16:23.948Z,cs,45.24%,1.38GiB / 2GiB
2026-09-27T09:16:23.948Z,ss1,205.38%,2.119GiB / 4GiB
2026-09-27T09:16:23.948Z,ss2,185.63%,2.176GiB / 4GiB
2026-09-27T09:16:23.948Z,is-provider,6.14%,10.23MiB / 256MiB
2026-09-27T09:16:24.448Z,cs,1.98%,1.379GiB / 2GiB
2026-09-27T09:16:24.448Z,ss1,180.45%,2.121GiB / 4GiB
2026-09-27T09:16:24.448Z,ss2,208.61%,2.177GiB / 4GiB
2026-09-27T09:16:24.448Z,is-provider,0.97%,10.36MiB / 256MiB
2026-09-27T09:16:24.948Z,cs,1.98%,1.379GiB / 2GiB
2026-09-27T09:16:24.948Z,ss1,180.45%,2.121GiB / 4GiB
2026-09-27T09:16:24.948Z,ss2,208.61%,2.177GiB / 4GiB
2026-09-27T09:16:24.948Z,is-provider,0.97%,10.36MiB / 256MiB
2026-09-27T09:16:25.450Z,cs,1.15%,1.379GiB / 2GiB
2026-09-27T09:16:25.450Z,ss1,195.85%,2.122GiB / 4GiB
2026-09-27T09:16:25.450Z,ss2,186.72%,2.18GiB / 4GiB
2026-09-27T09:16:25.450Z,is-provider,0.41%,10.08MiB / 256MiB
2026-09-27T09:16:25.949Z,cs,1.15%,1.379GiB / 2GiB
2026-09-27T09:16:25.949Z,ss1,195.85%,2.122GiB / 4GiB
2026-09-27T09:16:25.949Z,ss2,186.72%,2.18GiB / 4GiB
2026-09-27T09:16:25.949Z,is-provider,0.41%,10.08MiB / 256MiB
2026-09-27T09:16:26.448Z,cs,2.31%,1.379GiB / 2GiB
2026-09-27T09:16:26.448Z,ss1,173.55%,2.123GiB / 4GiB
2026-09-27T09:16:26.448Z,ss2,188.54%,2.18GiB / 4GiB
2026-09-27T09:16:26.448Z,is-provider,0.61%,10.77MiB / 256MiB
2026-09-27T09:16:26.948Z,cs,2.31%,1.379GiB / 2GiB
2026-09-27T09:16:26.948Z,ss1,173.55%,2.123GiB / 4GiB
2026-09-27T09:16:26.948Z,ss2,188.54%,2.18GiB / 4GiB
2026-09-27T09:16:26.948Z,is-provider,0.61%,10.77MiB / 256MiB
2026-09-27T09:16:27.451Z,cs,1.62%,1.379GiB / 2GiB
2026-09-27T09:16:27.451Z,ss1,187.98%,2.125GiB / 4GiB
2026-09-27T09:16:27.451Z,ss2,197.57%,2.183GiB / 4GiB
2026-09-27T09:16:27.451Z,is-provider,0.56%,10.96MiB / 256MiB
2026-09-27T09:16:27.949Z,cs,1.62%,1.379GiB / 2GiB
2026-09-27T09:16:27.949Z,ss1,187.98%,2.125GiB / 4GiB
2026-09-27T09:16:27.949Z,ss2,197.57%,2.183GiB / 4GiB
2026-09-27T09:16:27.949Z,is-provider,0.56%,10.96MiB / 256MiB
2026-09-27T09:16:28.448Z,cs,1.74%,1.378GiB / 2GiB
2026-09-27T09:16:28.448Z,ss1,207.01%,2.126GiB / 4GiB
2026-09-27T09:16:28.448Z,ss2,202.71%,2.187GiB / 4GiB
2026-09-27T09:16:28.448Z,is-provider,5.13%,10.62MiB / 256MiB
2026-09-27T09:16:28.948Z,cs,1.74%,1.378GiB / 2GiB
2026-09-27T09:16:28.948Z,ss1,207.01%,2.126GiB / 4GiB
2026-09-27T09:16:28.948Z,ss2,202.71%,2.187GiB / 4GiB
2026-09-27T09:16:28.948Z,is-provider,5.13%,10.62MiB / 256MiB
2026-09-27T09:16:29.449Z,cs,1.25%,1.378GiB / 2GiB
2026-09-27T09:16:29.449Z,ss1,202.16%,2.129GiB / 4GiB
2026-09-27T09:16:29.449Z,ss2,198.93%,2.189GiB / 4GiB
2026-09-27T09:16:29.449Z,is-provider,0.66%,10.6MiB / 256MiB
2026-09-27T09:16:29.948Z,cs,1.25%,1.378GiB / 2GiB
2026-09-27T09:16:29.948Z,ss1,202.16%,2.129GiB / 4GiB
2026-09-27T09:16:29.948Z,ss2,198.93%,2.189GiB / 4GiB
2026-09-27T09:16:29.948Z,is-provider,0.66%,10.6MiB / 256MiB
2026-09-27T09:16:30.448Z,cs,7.55%,1.379GiB / 2GiB
2026-09-27T09:16:30.448Z,ss1,194.80%,2.129GiB / 4GiB
2026-09-27T09:16:30.448Z,ss2,196.03%,2.19GiB / 4GiB
2026-09-27T09:16:30.448Z,is-provider,0.46%,10.56MiB / 256MiB
2026-09-27T09:16:30.949Z,cs,7.55%,1.379GiB / 2GiB
2026-09-27T09:16:30.949Z,ss1,194.80%,2.129GiB / 4GiB
2026-09-27T09:16:30.949Z,ss2,196.03%,2.19GiB / 4GiB
2026-09-27T09:16:30.949Z,is-provider,0.46%,10.56MiB / 256MiB
2026-09-27T09:16:31.448Z,cs,1.44%,1.378GiB / 2GiB
2026-09-27T09:16:31.448Z,ss1,193.58%,2.131GiB / 4GiB
2026-09-27T09:16:31.448Z,ss2,203.71%,2.19GiB / 4GiB
2026-09-27T09:16:31.448Z,is-provider,0.81%,10.99MiB / 256MiB
2026-09-27T09:16:31.949Z,cs,1.44%,1.378GiB / 2GiB
2026-09-27T09:16:31.949Z,ss1,193.58%,2.131GiB / 4GiB
2026-09-27T09:16:31.949Z,ss2,203.71%,2.19GiB / 4GiB
2026-09-27T09:16:31.949Z,is-provider,0.81%,10.99MiB / 256MiB
2026-09-27T09:16:32.448Z,cs,45.66%,1.38GiB / 2GiB
2026-09-27T09:16:32.448Z,ss1,201.17%,2.132GiB / 4GiB
2026-09-27T09:16:32.448Z,ss2,199.02%,2.192GiB / 4GiB
2026-09-27T09:16:32.448Z,is-provider,0.63%,10.98MiB / 256MiB
2026-09-27T09:16:32.948Z,cs,45.66%,1.38GiB / 2GiB
2026-09-27T09:16:32.948Z,ss1,201.17%,2.132GiB / 4GiB
2026-09-27T09:16:32.948Z,ss2,199.02%,2.192GiB / 4GiB
2026-09-27T09:16:32.948Z,is-provider,0.63%,10.98MiB / 256MiB
2026-09-27T09:16:33.448Z,cs,23.05%,1.379GiB / 2GiB
2026-09-27T09:16:33.448Z,ss1,209.40%,2.133GiB / 4GiB
2026-09-27T09:16:33.448Z,ss2,197.27%,2.192GiB / 4GiB
2026-09-27T09:16:33.448Z,is-provider,7.32%,10.95MiB / 256MiB
2026-09-27T09:16:33.950Z,cs,23.05%,1.379GiB / 2GiB
2026-09-27T09:16:33.950Z,ss1,209.40%,2.133GiB / 4GiB
2026-09-27T09:16:33.950Z,ss2,197.27%,2.192GiB / 4GiB
2026-09-27T09:16:33.950Z,is-provider,7.32%,10.95MiB / 256MiB
2026-09-27T09:16:34.448Z,cs,1.85%,1.379GiB / 2GiB
2026-09-27T09:16:34.448Z,ss1,190.44%,2.134GiB / 4GiB
2026-09-27T09:16:34.448Z,ss2,194.64%,2.193GiB / 4GiB
2026-09-27T09:16:34.448Z,is-provider,0.65%,10.82MiB / 256MiB
2026-09-27T09:16:34.949Z,cs,1.85%,1.379GiB / 2GiB
2026-09-27T09:16:34.949Z,ss1,190.44%,2.134GiB / 4GiB
2026-09-27T09:16:34.949Z,ss2,194.64%,2.193GiB / 4GiB
2026-09-27T09:16:34.949Z,is-provider,0.65%,10.82MiB / 256MiB
2026-09-27T09:16:35.450Z,cs,1.85%,1.379GiB / 2GiB
2026-09-27T09:16:35.450Z,ss1,190.44%,2.134GiB / 4GiB
2026-09-27T09:16:35.450Z,ss2,194.64%,2.193GiB / 4GiB
2026-09-27T09:16:35.450Z,is-provider,0.65%,10.82MiB / 256MiB
2026-09-27T09:16:35.949Z,cs,1.95%,1.378GiB / 2GiB
2026-09-27T09:16:35.949Z,ss1,196.85%,2.136GiB / 4GiB
2026-09-27T09:16:35.949Z,ss2,209.34%,2.195GiB / 4GiB
2026-09-27T09:16:35.949Z,is-provider,0.66%,11.2MiB / 256MiB
2026-09-27T09:16:36.448Z,cs,1.95%,1.378GiB / 2GiB
2026-09-27T09:16:36.448Z,ss1,196.85%,2.136GiB / 4GiB
2026-09-27T09:16:36.448Z,ss2,209.34%,2.195GiB / 4GiB
2026-09-27T09:16:36.448Z,is-provider,0.66%,11.2MiB / 256MiB
2026-09-27T09:16:36.948Z,cs,1.22%,1.378GiB / 2GiB
2026-09-27T09:16:36.948Z,ss1,195.60%,2.138GiB / 4GiB
2026-09-27T09:16:36.948Z,ss2,170.08%,2.195GiB / 4GiB
2026-09-27T09:16:36.948Z,is-provider,0.52%,10.66MiB / 256MiB
2026-09-27T09:16:37.451Z,cs,1.22%,1.378GiB / 2GiB
2026-09-27T09:16:37.451Z,ss1,195.60%,2.138GiB / 4GiB
2026-09-27T09:16:37.451Z,ss2,170.08%,2.195GiB / 4GiB
2026-09-27T09:16:37.451Z,is-provider,0.52%,10.66MiB / 256MiB
2026-09-27T09:16:37.948Z,cs,2.41%,1.378GiB / 2GiB
2026-09-27T09:16:37.948Z,ss1,203.58%,2.138GiB / 4GiB
2026-09-27T09:16:37.948Z,ss2,205.82%,2.195GiB / 4GiB
2026-09-27T09:16:37.948Z,is-provider,0.94%,11.54MiB / 256MiB
2026-09-27T09:16:38.448Z,cs,2.41%,1.378GiB / 2GiB
2026-09-27T09:16:38.448Z,ss1,203.58%,2.138GiB / 4GiB
2026-09-27T09:16:38.448Z,ss2,205.82%,2.195GiB / 4GiB
2026-09-27T09:16:38.448Z,is-provider,0.94%,11.54MiB / 256MiB
2026-09-27T09:16:38.949Z,cs,1.99%,1.378GiB / 2GiB
2026-09-27T09:16:38.949Z,ss1,200.09%,2.139GiB / 4GiB
2026-09-27T09:16:38.949Z,ss2,197.00%,2.195GiB / 4GiB
2026-09-27T09:16:38.949Z,is-provider,7.83%,11.17MiB / 256MiB
2026-09-27T09:16:39.448Z,cs,1.99%,1.378GiB / 2GiB
2026-09-27T09:16:39.448Z,ss1,200.09%,2.139GiB / 4GiB
2026-09-27T09:16:39.448Z,ss2,197.00%,2.195GiB / 4GiB
2026-09-27T09:16:39.448Z,is-provider,7.83%,11.17MiB / 256MiB
2026-09-27T09:16:39.948Z,cs,6.06%,1.38GiB / 2GiB
2026-09-27T09:16:39.948Z,ss1,200.81%,2.141GiB / 4GiB
2026-09-27T09:16:39.948Z,ss2,191.85%,2.196GiB / 4GiB
2026-09-27T09:16:39.948Z,is-provider,0.31%,10.76MiB / 256MiB
2026-09-27T09:16:40.448Z,cs,6.06%,1.38GiB / 2GiB
2026-09-27T09:16:40.448Z,ss1,200.81%,2.141GiB / 4GiB
2026-09-27T09:16:40.448Z,ss2,191.85%,2.196GiB / 4GiB
2026-09-27T09:16:40.448Z,is-provider,0.31%,10.76MiB / 256MiB
2026-09-27T09:16:40.952Z,cs,5.83%,1.379GiB / 2GiB
2026-09-27T09:16:40.952Z,ss1,201.45%,2.142GiB / 4GiB
2026-09-27T09:16:40.952Z,ss2,211.68%,2.197GiB / 4GiB
2026-09-27T09:16:40.952Z,is-provider,0.58%,10.21MiB / 256MiB
2026-09-27T09:16:41.448Z,cs,5.83%,1.379GiB / 2GiB
2026-09-27T09:16:41.448Z,ss1,201.45%,2.142GiB / 4GiB
2026-09-27T09:16:41.448Z,ss2,211.68%,2.197GiB / 4GiB
2026-09-27T09:16:41.448Z,is-provider,0.58%,10.21MiB / 256MiB
2026-09-27T09:16:41.948Z,cs,1.70%,1.379GiB / 2GiB
2026-09-27T09:16:41.948Z,ss1,186.68%,2.143GiB / 4GiB
2026-09-27T09:16:41.948Z,ss2,204.14%,2.198GiB / 4GiB
2026-09-27T09:16:41.948Z,is-provider,0.53%,10.88MiB / 256MiB
2026-09-27T09:16:42.448Z,cs,1.70%,1.379GiB / 2GiB
2026-09-27T09:16:42.448Z,ss1,186.68%,2.143GiB / 4GiB
2026-09-27T09:16:42.448Z,ss2,204.14%,2.198GiB / 4GiB
2026-09-27T09:16:42.448Z,is-provider,0.53%,10.88MiB / 256MiB
2026-09-27T09:16:42.948Z,cs,57.05%,1.38GiB / 2GiB
2026-09-27T09:16:42.948Z,ss1,199.06%,2.145GiB / 4GiB
2026-09-27T09:16:42.948Z,ss2,190.11%,2.199GiB / 4GiB
2026-09-27T09:16:42.948Z,is-provider,0.65%,10.76MiB / 256MiB
2026-09-27T09:16:43.448Z,cs,57.05%,1.38GiB / 2GiB
2026-09-27T09:16:43.448Z,ss1,199.06%,2.145GiB / 4GiB
2026-09-27T09:16:43.448Z,ss2,190.11%,2.199GiB / 4GiB
2026-09-27T09:16:43.448Z,is-provider,0.65%,10.76MiB / 256MiB
2026-09-27T09:16:43.948Z,cs,1.18%,1.38GiB / 2GiB
2026-09-27T09:16:43.948Z,ss1,197.06%,2.144GiB / 4GiB
2026-09-27T09:16:43.948Z,ss2,195.39%,2.199GiB / 4GiB
2026-09-27T09:16:43.948Z,is-provider,6.27%,10.88MiB / 256MiB
2026-09-27T09:16:44.448Z,cs,1.18%,1.38GiB / 2GiB
2026-09-27T09:16:44.448Z,ss1,197.06%,2.144GiB / 4GiB
2026-09-27T09:16:44.448Z,ss2,195.39%,2.199GiB / 4GiB
2026-09-27T09:16:44.448Z,is-provider,6.27%,10.88MiB / 256MiB
2026-09-27T09:16:44.948Z,cs,1.50%,1.38GiB / 2GiB
2026-09-27T09:16:44.948Z,ss1,206.26%,2.145GiB / 4GiB
2026-09-27T09:16:44.948Z,ss2,197.32%,2.2GiB / 4GiB
2026-09-27T09:16:44.948Z,is-provider,0.77%,10.82MiB / 256MiB
2026-09-27T09:16:45.448Z,cs,1.50%,1.38GiB / 2GiB
2026-09-27T09:16:45.448Z,ss1,206.26%,2.145GiB / 4GiB
2026-09-27T09:16:45.448Z,ss2,197.32%,2.2GiB / 4GiB
2026-09-27T09:16:45.448Z,is-provider,0.77%,10.82MiB / 256MiB
2026-09-27T09:16:45.949Z,cs,1.04%,1.379GiB / 2GiB
2026-09-27T09:16:45.949Z,ss1,193.43%,2.145GiB / 4GiB
2026-09-27T09:16:45.949Z,ss2,200.23%,2.201GiB / 4GiB
2026-09-27T09:16:45.949Z,is-provider,0.64%,10.97MiB / 256MiB
2026-09-27T09:16:46.449Z,cs,1.04%,1.379GiB / 2GiB
2026-09-27T09:16:46.449Z,ss1,193.43%,2.145GiB / 4GiB
2026-09-27T09:16:46.449Z,ss2,200.23%,2.201GiB / 4GiB
2026-09-27T09:16:46.449Z,is-provider,0.64%,10.97MiB / 256MiB
2026-09-27T09:16:46.948Z,cs,1.05%,1.379GiB / 2GiB
2026-09-27T09:16:46.948Z,ss1,174.72%,2.146GiB / 4GiB
2026-09-27T09:16:46.948Z,ss2,191.39%,2.201GiB / 4GiB
2026-09-27T09:16:46.948Z,is-provider,0.81%,10.43MiB / 256MiB
2026-09-27T09:16:47.448Z,cs,1.05%,1.379GiB / 2GiB
2026-09-27T09:16:47.448Z,ss1,174.72%,2.146GiB / 4GiB
2026-09-27T09:16:47.448Z,ss2,191.39%,2.201GiB / 4GiB
2026-09-27T09:16:47.448Z,is-provider,0.81%,10.43MiB / 256MiB
2026-09-27T09:16:47.948Z,cs,5.25%,1.378GiB / 2GiB
2026-09-27T09:16:47.948Z,ss1,197.28%,2.147GiB / 4GiB
2026-09-27T09:16:47.948Z,ss2,205.24%,2.203GiB / 4GiB
2026-09-27T09:16:47.948Z,is-provider,0.75%,10.44MiB / 256MiB
2026-09-27T09:16:48.448Z,cs,5.25%,1.378GiB / 2GiB
2026-09-27T09:16:48.448Z,ss1,197.28%,2.147GiB / 4GiB
2026-09-27T09:16:48.448Z,ss2,205.24%,2.203GiB / 4GiB
2026-09-27T09:16:48.448Z,is-provider,0.75%,10.44MiB / 256MiB
2026-09-27T09:16:48.948Z,cs,1.98%,1.378GiB / 2GiB
2026-09-27T09:16:48.948Z,ss1,205.01%,2.147GiB / 4GiB
2026-09-27T09:16:48.948Z,ss2,195.17%,2.211GiB / 4GiB
2026-09-27T09:16:48.948Z,is-provider,7.44%,10.27MiB / 256MiB
2026-09-27T09:16:49.448Z,cs,1.98%,1.378GiB / 2GiB
2026-09-27T09:16:49.448Z,ss1,205.01%,2.147GiB / 4GiB
2026-09-27T09:16:49.448Z,ss2,195.17%,2.211GiB / 4GiB
2026-09-27T09:16:49.448Z,is-provider,7.44%,10.27MiB / 256MiB
2026-09-27T09:16:49.949Z,cs,9.06%,1.38GiB / 2GiB
2026-09-27T09:16:49.949Z,ss1,189.47%,2.148GiB / 4GiB
2026-09-27T09:16:49.949Z,ss2,195.57%,2.216GiB / 4GiB
2026-09-27T09:16:49.949Z,is-provider,0.63%,10.42MiB / 256MiB
2026-09-27T09:16:50.448Z,cs,9.06%,1.38GiB / 2GiB
2026-09-27T09:16:50.448Z,ss1,189.47%,2.148GiB / 4GiB
2026-09-27T09:16:50.448Z,ss2,195.57%,2.216GiB / 4GiB
2026-09-27T09:16:50.448Z,is-provider,0.63%,10.42MiB / 256MiB
2026-09-27T09:16:50.948Z,cs,5.26%,1.379GiB / 2GiB
2026-09-27T09:16:50.948Z,ss1,203.41%,2.148GiB / 4GiB
2026-09-27T09:16:50.948Z,ss2,204.04%,2.219GiB / 4GiB
2026-09-27T09:16:50.948Z,is-provider,0.79%,10.47MiB / 256MiB
2026-09-27T09:16:51.448Z,cs,5.26%,1.379GiB / 2GiB
2026-09-27T09:16:51.448Z,ss1,203.41%,2.148GiB / 4GiB
2026-09-27T09:16:51.448Z,ss2,204.04%,2.219GiB / 4GiB
2026-09-27T09:16:51.448Z,is-provider,0.79%,10.47MiB / 256MiB
2026-09-27T09:16:51.949Z,cs,1.08%,1.378GiB / 2GiB
2026-09-27T09:16:51.949Z,ss1,196.81%,2.149GiB / 4GiB
2026-09-27T09:16:51.949Z,ss2,199.76%,2.22GiB / 4GiB
2026-09-27T09:16:51.949Z,is-provider,0.53%,10.24MiB / 256MiB
2026-09-27T09:16:52.450Z,cs,1.08%,1.378GiB / 2GiB
2026-09-27T09:16:52.450Z,ss1,196.81%,2.149GiB / 4GiB
2026-09-27T09:16:52.450Z,ss2,199.76%,2.22GiB / 4GiB
2026-09-27T09:16:52.450Z,is-provider,0.53%,10.24MiB / 256MiB
2026-09-27T09:16:52.951Z,cs,62.21%,1.38GiB / 2GiB
2026-09-27T09:16:52.951Z,ss1,196.81%,2.149GiB / 4GiB
2026-09-27T09:16:52.951Z,ss2,199.76%,2.22GiB / 4GiB
2026-09-27T09:16:52.951Z,is-provider,0.53%,10.24MiB / 256MiB
2026-09-27T09:16:53.448Z,cs,62.21%,1.38GiB / 2GiB
2026-09-27T09:16:53.448Z,ss1,203.66%,2.15GiB / 4GiB
2026-09-27T09:16:53.448Z,ss2,208.56%,2.223GiB / 4GiB
2026-09-27T09:16:53.448Z,is-provider,0.44%,10.48MiB / 256MiB
2026-09-27T09:16:53.948Z,cs,62.21%,1.38GiB / 2GiB
2026-09-27T09:16:53.948Z,ss1,203.66%,2.15GiB / 4GiB
2026-09-27T09:16:53.948Z,ss2,208.56%,2.223GiB / 4GiB
2026-09-27T09:16:53.948Z,is-provider,0.44%,10.48MiB / 256MiB
2026-09-27T09:16:54.448Z,cs,2.17%,1.38GiB / 2GiB
2026-09-27T09:16:54.448Z,ss1,190.90%,2.15GiB / 4GiB
2026-09-27T09:16:54.448Z,ss2,183.56%,2.222GiB / 4GiB
2026-09-27T09:16:54.448Z,is-provider,7.13%,10.55MiB / 256MiB
2026-09-27T09:16:54.949Z,cs,2.17%,1.38GiB / 2GiB
2026-09-27T09:16:54.949Z,ss1,190.90%,2.15GiB / 4GiB
2026-09-27T09:16:54.949Z,ss2,183.56%,2.222GiB / 4GiB
2026-09-27T09:16:54.949Z,is-provider,7.13%,10.55MiB / 256MiB
2026-09-27T09:16:55.448Z,cs,1.70%,1.38GiB / 2GiB
2026-09-27T09:16:55.448Z,ss1,202.99%,2.154GiB / 4GiB
2026-09-27T09:16:55.448Z,ss2,205.38%,2.223GiB / 4GiB
2026-09-27T09:16:55.448Z,is-provider,0.84%,10.48MiB / 256MiB
2026-09-27T09:16:55.948Z,cs,1.70%,1.38GiB / 2GiB
2026-09-27T09:16:55.948Z,ss1,202.99%,2.154GiB / 4GiB
2026-09-27T09:16:55.948Z,ss2,205.38%,2.223GiB / 4GiB
2026-09-27T09:16:55.948Z,is-provider,0.84%,10.48MiB / 256MiB
2026-09-27T09:16:56.448Z,cs,1.21%,1.38GiB / 2GiB
2026-09-27T09:16:56.448Z,ss1,190.78%,2.15GiB / 4GiB
2026-09-27T09:16:56.448Z,ss2,193.49%,2.223GiB / 4GiB
2026-09-27T09:16:56.448Z,is-provider,0.74%,10.66MiB / 256MiB
2026-09-27T09:16:56.949Z,cs,1.21%,1.38GiB / 2GiB
2026-09-27T09:16:56.949Z,ss1,190.78%,2.15GiB / 4GiB
2026-09-27T09:16:56.949Z,ss2,193.49%,2.223GiB / 4GiB
2026-09-27T09:16:56.949Z,is-provider,0.74%,10.66MiB / 256MiB
2026-09-27T09:16:57.448Z,cs,1.27%,1.379GiB / 2GiB
2026-09-27T09:16:57.448Z,ss1,185.85%,2.15GiB / 4GiB
2026-09-27T09:16:57.448Z,ss2,184.45%,2.223GiB / 4GiB
2026-09-27T09:16:57.448Z,is-provider,0.41%,10.7MiB / 256MiB
2026-09-27T09:16:57.948Z,cs,1.27%,1.379GiB / 2GiB
2026-09-27T09:16:57.948Z,ss1,185.85%,2.15GiB / 4GiB
2026-09-27T09:16:57.948Z,ss2,184.45%,2.223GiB / 4GiB
2026-09-27T09:16:57.948Z,is-provider,0.41%,10.7MiB / 256MiB
2026-09-27T09:16:58.448Z,cs,1.18%,1.379GiB / 2GiB
2026-09-27T09:16:58.448Z,ss1,195.16%,2.15GiB / 4GiB
2026-09-27T09:16:58.448Z,ss2,186.49%,2.224GiB / 4GiB
2026-09-27T09:16:58.448Z,is-provider,0.61%,10.71MiB / 256MiB
2026-09-27T09:16:58.948Z,cs,1.18%,1.379GiB / 2GiB
2026-09-27T09:16:58.948Z,ss1,195.16%,2.15GiB / 4GiB
2026-09-27T09:16:58.948Z,ss2,186.49%,2.224GiB / 4GiB
2026-09-27T09:16:58.948Z,is-provider,0.61%,10.71MiB / 256MiB
2026-09-27T09:16:59.448Z,cs,2.77%,1.379GiB / 2GiB
2026-09-27T09:16:59.448Z,ss1,198.42%,2.155GiB / 4GiB
2026-09-27T09:16:59.448Z,ss2,199.39%,2.223GiB / 4GiB
2026-09-27T09:16:59.448Z,is-provider,5.94%,10.62MiB / 256MiB
2026-09-27T09:16:59.948Z,cs,2.77%,1.379GiB / 2GiB
2026-09-27T09:16:59.948Z,ss1,198.42%,2.155GiB / 4GiB
2026-09-27T09:16:59.948Z,ss2,199.39%,2.223GiB / 4GiB
2026-09-27T09:16:59.948Z,is-provider,5.94%,10.62MiB / 256MiB
2026-09-27T09:17:00.448Z,cs,7.95%,1.379GiB / 2GiB
2026-09-27T09:17:00.448Z,ss1,202.93%,2.166GiB / 4GiB
2026-09-27T09:17:00.448Z,ss2,199.29%,2.223GiB / 4GiB
2026-09-27T09:17:00.448Z,is-provider,0.80%,10.76MiB / 256MiB
2026-09-27T09:17:00.948Z,cs,7.95%,1.379GiB / 2GiB
2026-09-27T09:17:00.948Z,ss1,202.93%,2.166GiB / 4GiB
2026-09-27T09:17:00.948Z,ss2,199.29%,2.223GiB / 4GiB
2026-09-27T09:17:00.948Z,is-provider,0.80%,10.76MiB / 256MiB
2026-09-27T09:17:01.448Z,cs,1.47%,1.379GiB / 2GiB
2026-09-27T09:17:01.448Z,ss1,196.50%,2.167GiB / 4GiB
2026-09-27T09:17:01.448Z,ss2,196.19%,2.224GiB / 4GiB
2026-09-27T09:17:01.448Z,is-provider,0.48%,10.34MiB / 256MiB
2026-09-27T09:17:01.948Z,cs,1.47%,1.379GiB / 2GiB
2026-09-27T09:17:01.948Z,ss1,196.50%,2.167GiB / 4GiB
2026-09-27T09:17:01.948Z,ss2,196.19%,2.224GiB / 4GiB
2026-09-27T09:17:01.948Z,is-provider,0.48%,10.34MiB / 256MiB
2026-09-27T09:17:02.448Z,cs,20.44%,1.38GiB / 2GiB
2026-09-27T09:17:02.448Z,ss1,208.61%,2.167GiB / 4GiB
2026-09-27T09:17:02.448Z,ss2,173.37%,2.224GiB / 4GiB
2026-09-27T09:17:02.448Z,is-provider,0.45%,9.941MiB / 256MiB
2026-09-27T09:17:02.951Z,cs,20.44%,1.38GiB / 2GiB
2026-09-27T09:17:02.951Z,ss1,208.61%,2.167GiB / 4GiB
2026-09-27T09:17:02.951Z,ss2,173.37%,2.224GiB / 4GiB
2026-09-27T09:17:02.951Z,is-provider,0.45%,9.941MiB / 256MiB
2026-09-27T09:17:03.448Z,cs,37.28%,1.379GiB / 2GiB
2026-09-27T09:17:03.448Z,ss1,175.78%,2.167GiB / 4GiB
2026-09-27T09:17:03.448Z,ss2,176.57%,2.224GiB / 4GiB
2026-09-27T09:17:03.448Z,is-provider,1.49%,10.27MiB / 256MiB
2026-09-27T09:17:03.948Z,cs,37.28%,1.379GiB / 2GiB
2026-09-27T09:17:03.948Z,ss1,175.78%,2.167GiB / 4GiB
2026-09-27T09:17:03.948Z,ss2,176.57%,2.224GiB / 4GiB
2026-09-27T09:17:03.948Z,is-provider,1.49%,10.27MiB / 256MiB
2026-09-27T09:17:04.448Z,cs,1.26%,1.379GiB / 2GiB
2026-09-27T09:17:04.448Z,ss1,178.29%,2.167GiB / 4GiB
2026-09-27T09:17:04.448Z,ss2,202.21%,2.225GiB / 4GiB
2026-09-27T09:17:04.448Z,is-provider,6.02%,10.58MiB / 256MiB
2026-09-27T09:17:04.948Z,cs,1.26%,1.379GiB / 2GiB
2026-09-27T09:17:04.948Z,ss1,178.29%,2.167GiB / 4GiB
2026-09-27T09:17:04.948Z,ss2,202.21%,2.225GiB / 4GiB
2026-09-27T09:17:04.948Z,is-provider,6.02%,10.58MiB / 256MiB
2026-09-27T09:17:05.448Z,cs,1.91%,1.379GiB / 2GiB
2026-09-27T09:17:05.448Z,ss1,187.28%,2.167GiB / 4GiB
2026-09-27T09:17:05.448Z,ss2,189.98%,2.225GiB / 4GiB
2026-09-27T09:17:05.448Z,is-provider,2.42%,11.21MiB / 256MiB
2026-09-27T09:17:05.949Z,cs,1.91%,1.379GiB / 2GiB
2026-09-27T09:17:05.949Z,ss1,187.28%,2.167GiB / 4GiB
2026-09-27T09:17:05.949Z,ss2,189.98%,2.225GiB / 4GiB
2026-09-27T09:17:05.949Z,is-provider,2.42%,11.21MiB / 256MiB
2026-09-27T09:17:06.448Z,cs,1.28%,1.378GiB / 2GiB
2026-09-27T09:17:06.448Z,ss1,183.27%,2.168GiB / 4GiB
2026-09-27T09:17:06.448Z,ss2,202.15%,2.225GiB / 4GiB
2026-09-27T09:17:06.448Z,is-provider,1.09%,11.14MiB / 256MiB
2026-09-27T09:17:06.948Z,cs,1.28%,1.378GiB / 2GiB
2026-09-27T09:17:06.948Z,ss1,183.27%,2.168GiB / 4GiB
2026-09-27T09:17:06.948Z,ss2,202.15%,2.225GiB / 4GiB
2026-09-27T09:17:06.948Z,is-provider,1.09%,11.14MiB / 256MiB
2026-09-27T09:17:07.448Z,cs,1.19%,1.378GiB / 2GiB
2026-09-27T09:17:07.448Z,ss1,181.90%,2.168GiB / 4GiB
2026-09-27T09:17:07.448Z,ss2,194.43%,2.225GiB / 4GiB
2026-09-27T09:17:07.448Z,is-provider,0.63%,10.78MiB / 256MiB
2026-09-27T09:17:07.948Z,cs,1.19%,1.378GiB / 2GiB
2026-09-27T09:17:07.948Z,ss1,181.90%,2.168GiB / 4GiB
2026-09-27T09:17:07.948Z,ss2,194.43%,2.225GiB / 4GiB
2026-09-27T09:17:07.948Z,is-provider,0.63%,10.78MiB / 256MiB
2026-09-27T09:17:08.448Z,cs,2.03%,1.378GiB / 2GiB
2026-09-27T09:17:08.448Z,ss1,196.41%,2.168GiB / 4GiB
2026-09-27T09:17:08.448Z,ss2,201.62%,2.227GiB / 4GiB
2026-09-27T09:17:08.448Z,is-provider,0.59%,10.71MiB / 256MiB
2026-09-27T09:17:08.948Z,cs,2.03%,1.378GiB / 2GiB
2026-09-27T09:17:08.948Z,ss1,196.41%,2.168GiB / 4GiB
2026-09-27T09:17:08.948Z,ss2,201.62%,2.227GiB / 4GiB
2026-09-27T09:17:08.948Z,is-provider,0.59%,10.71MiB / 256MiB
2026-09-27T09:17:09.450Z,cs,1.55%,1.378GiB / 2GiB
2026-09-27T09:17:09.450Z,ss1,171.45%,2.155GiB / 4GiB
2026-09-27T09:17:09.450Z,ss2,205.30%,2.227GiB / 4GiB
2026-09-27T09:17:09.450Z,is-provider,9.57%,10.85MiB / 256MiB
2026-09-27T09:17:09.948Z,cs,1.55%,1.378GiB / 2GiB
2026-09-27T09:17:09.948Z,ss1,171.45%,2.155GiB / 4GiB
2026-09-27T09:17:09.948Z,ss2,205.30%,2.227GiB / 4GiB
2026-09-27T09:17:09.948Z,is-provider,9.57%,10.85MiB / 256MiB
2026-09-27T09:17:10.448Z,cs,6.22%,1.379GiB / 2GiB
2026-09-27T09:17:10.448Z,ss1,171.45%,2.155GiB / 4GiB
2026-09-27T09:17:10.448Z,ss2,205.30%,2.227GiB / 4GiB
2026-09-27T09:17:10.448Z,is-provider,9.57%,10.85MiB / 256MiB
2026-09-27T09:17:10.948Z,cs,6.22%,1.379GiB / 2GiB
2026-09-27T09:17:10.948Z,ss1,184.82%,2.155GiB / 4GiB
2026-09-27T09:17:10.948Z,ss2,183.35%,2.228GiB / 4GiB
2026-09-27T09:17:10.948Z,is-provider,0.61%,9.766MiB / 256MiB
2026-09-27T09:17:11.448Z,cs,6.22%,1.379GiB / 2GiB
2026-09-27T09:17:11.448Z,ss1,184.82%,2.155GiB / 4GiB
2026-09-27T09:17:11.448Z,ss2,183.35%,2.228GiB / 4GiB
2026-09-27T09:17:11.448Z,is-provider,0.61%,9.766MiB / 256MiB
2026-09-27T09:17:11.948Z,cs,1.81%,1.379GiB / 2GiB
2026-09-27T09:17:11.948Z,ss1,192.68%,2.155GiB / 4GiB
2026-09-27T09:17:11.948Z,ss2,194.53%,2.227GiB / 4GiB
2026-09-27T09:17:11.948Z,is-provider,0.63%,10.45MiB / 256MiB
2026-09-27T09:17:12.448Z,cs,1.81%,1.379GiB / 2GiB
2026-09-27T09:17:12.448Z,ss1,192.68%,2.155GiB / 4GiB
2026-09-27T09:17:12.448Z,ss2,194.53%,2.227GiB / 4GiB
2026-09-27T09:17:12.448Z,is-provider,0.63%,10.45MiB / 256MiB
2026-09-27T09:17:12.948Z,cs,55.07%,1.38GiB / 2GiB
2026-09-27T09:17:12.948Z,ss1,203.08%,2.172GiB / 4GiB
2026-09-27T09:17:12.948Z,ss2,195.93%,2.228GiB / 4GiB
2026-09-27T09:17:12.948Z,is-provider,0.57%,11.09MiB / 256MiB
2026-09-27T09:17:13.450Z,cs,55.07%,1.38GiB / 2GiB
2026-09-27T09:17:13.450Z,ss1,203.08%,2.172GiB / 4GiB
2026-09-27T09:17:13.450Z,ss2,195.93%,2.228GiB / 4GiB
2026-09-27T09:17:13.450Z,is-provider,0.57%,11.09MiB / 256MiB
2026-09-27T09:17:13.948Z,cs,24.22%,1.379GiB / 2GiB
2026-09-27T09:17:13.948Z,ss1,191.43%,2.178GiB / 4GiB
2026-09-27T09:17:13.948Z,ss2,195.94%,2.228GiB / 4GiB
2026-09-27T09:17:13.948Z,is-provider,0.63%,10.82MiB / 256MiB
2026-09-27T09:17:14.448Z,cs,24.22%,1.379GiB / 2GiB
2026-09-27T09:17:14.448Z,ss1,191.43%,2.178GiB / 4GiB
2026-09-27T09:17:14.448Z,ss2,195.94%,2.228GiB / 4GiB
2026-09-27T09:17:14.448Z,is-provider,0.63%,10.82MiB / 256MiB
2026-09-27T09:17:14.948Z,cs,1.25%,1.379GiB / 2GiB
2026-09-27T09:17:14.948Z,ss1,186.88%,2.169GiB / 4GiB
2026-09-27T09:17:14.948Z,ss2,195.30%,2.228GiB / 4GiB
2026-09-27T09:17:14.948Z,is-provider,7.71%,10.84MiB / 256MiB
2026-09-27T09:17:15.448Z,cs,1.25%,1.379GiB / 2GiB
2026-09-27T09:17:15.448Z,ss1,186.88%,2.169GiB / 4GiB
2026-09-27T09:17:15.448Z,ss2,195.30%,2.228GiB / 4GiB
2026-09-27T09:17:15.448Z,is-provider,7.71%,10.84MiB / 256MiB
2026-09-27T09:17:15.948Z,cs,1.21%,1.379GiB / 2GiB
2026-09-27T09:17:15.948Z,ss1,196.71%,2.172GiB / 4GiB
2026-09-27T09:17:15.948Z,ss2,186.85%,2.235GiB / 4GiB
2026-09-27T09:17:15.948Z,is-provider,0.40%,11.03MiB / 256MiB
2026-09-27T09:17:16.448Z,cs,1.21%,1.379GiB / 2GiB
2026-09-27T09:17:16.448Z,ss1,196.71%,2.172GiB / 4GiB
2026-09-27T09:17:16.448Z,ss2,186.85%,2.235GiB / 4GiB
2026-09-27T09:17:16.448Z,is-provider,0.40%,11.03MiB / 256MiB
2026-09-27T09:17:16.948Z,cs,1.17%,1.378GiB / 2GiB
2026-09-27T09:17:16.948Z,ss1,205.65%,2.172GiB / 4GiB
2026-09-27T09:17:16.948Z,ss2,203.89%,2.236GiB / 4GiB
2026-09-27T09:17:16.948Z,is-provider,0.76%,10.75MiB / 256MiB
2026-09-27T09:17:17.449Z,cs,1.17%,1.378GiB / 2GiB
2026-09-27T09:17:17.449Z,ss1,205.65%,2.172GiB / 4GiB
2026-09-27T09:17:17.449Z,ss2,203.89%,2.236GiB / 4GiB
2026-09-27T09:17:17.449Z,is-provider,0.76%,10.75MiB / 256MiB
2026-09-27T09:17:17.948Z,cs,1.17%,1.378GiB / 2GiB
2026-09-27T09:17:17.948Z,ss1,180.81%,2.173GiB / 4GiB
2026-09-27T09:17:17.948Z,ss2,185.42%,2.237GiB / 4GiB
2026-09-27T09:17:17.948Z,is-provider,0.61%,10.85MiB / 256MiB
2026-09-27T09:17:18.448Z,cs,1.17%,1.378GiB / 2GiB
2026-09-27T09:17:18.448Z,ss1,180.81%,2.173GiB / 4GiB
2026-09-27T09:17:18.448Z,ss2,185.42%,2.237GiB / 4GiB
2026-09-27T09:17:18.448Z,is-provider,0.61%,10.85MiB / 256MiB
2026-09-27T09:17:18.948Z,cs,1.63%,1.378GiB / 2GiB
2026-09-27T09:17:18.948Z,ss1,192.74%,2.172GiB / 4GiB
2026-09-27T09:17:18.948Z,ss2,186.74%,2.237GiB / 4GiB
2026-09-27T09:17:18.948Z,is-provider,1.17%,10.33MiB / 256MiB
2026-09-27T09:17:19.448Z,cs,1.63%,1.378GiB / 2GiB
2026-09-27T09:17:19.448Z,ss1,192.74%,2.172GiB / 4GiB
2026-09-27T09:17:19.448Z,ss2,186.74%,2.237GiB / 4GiB
2026-09-27T09:17:19.448Z,is-provider,1.17%,10.33MiB / 256MiB
2026-09-27T09:17:19.948Z,cs,1.28%,1.378GiB / 2GiB
2026-09-27T09:17:19.948Z,ss1,199.79%,2.174GiB / 4GiB
2026-09-27T09:17:19.948Z,ss2,180.14%,2.236GiB / 4GiB
2026-09-27T09:17:19.948Z,is-provider,6.62%,10.56MiB / 256MiB
2026-09-27T09:17:20.448Z,cs,1.28%,1.378GiB / 2GiB
2026-09-27T09:17:20.448Z,ss1,199.79%,2.174GiB / 4GiB
2026-09-27T09:17:20.448Z,ss2,180.14%,2.236GiB / 4GiB
2026-09-27T09:17:20.448Z,is-provider,6.62%,10.56MiB / 256MiB
2026-09-27T09:17:20.949Z,cs,6.90%,1.379GiB / 2GiB
2026-09-27T09:17:20.949Z,ss1,161.73%,2.174GiB / 4GiB
2026-09-27T09:17:20.949Z,ss2,183.70%,2.237GiB / 4GiB
2026-09-27T09:17:20.949Z,is-provider,0.53%,10.3MiB / 256MiB
2026-09-27T09:17:21.448Z,cs,6.90%,1.379GiB / 2GiB
2026-09-27T09:17:21.448Z,ss1,161.73%,2.174GiB / 4GiB
2026-09-27T09:17:21.448Z,ss2,183.70%,2.237GiB / 4GiB
2026-09-27T09:17:21.448Z,is-provider,0.53%,10.3MiB / 256MiB
2026-09-27T09:17:21.948Z,cs,1.13%,1.379GiB / 2GiB
2026-09-27T09:17:21.948Z,ss1,194.25%,2.174GiB / 4GiB
2026-09-27T09:17:21.948Z,ss2,198.13%,2.237GiB / 4GiB
2026-09-27T09:17:21.948Z,is-provider,3.46%,10.27MiB / 256MiB
2026-09-27T09:17:22.448Z,cs,1.13%,1.379GiB / 2GiB
2026-09-27T09:17:22.448Z,ss1,194.25%,2.174GiB / 4GiB
2026-09-27T09:17:22.448Z,ss2,198.13%,2.237GiB / 4GiB
2026-09-27T09:17:22.448Z,is-provider,3.46%,10.27MiB / 256MiB
2026-09-27T09:17:22.949Z,cs,64.99%,1.38GiB / 2GiB
2026-09-27T09:17:22.949Z,ss1,167.57%,2.174GiB / 4GiB
2026-09-27T09:17:22.949Z,ss2,183.14%,2.238GiB / 4GiB
2026-09-27T09:17:22.949Z,is-provider,0.56%,9.828MiB / 256MiB
2026-09-27T09:17:23.450Z,cs,64.99%,1.38GiB / 2GiB
2026-09-27T09:17:23.450Z,ss1,167.57%,2.174GiB / 4GiB
2026-09-27T09:17:23.450Z,ss2,183.14%,2.238GiB / 4GiB
2026-09-27T09:17:23.450Z,is-provider,0.56%,9.828MiB / 256MiB
2026-09-27T09:17:23.948Z,cs,2.65%,1.379GiB / 2GiB
2026-09-27T09:17:23.948Z,ss1,169.06%,2.176GiB / 4GiB
2026-09-27T09:17:23.948Z,ss2,198.47%,2.238GiB / 4GiB
2026-09-27T09:17:23.948Z,is-provider,0.73%,10.47MiB / 256MiB
2026-09-27T09:17:24.448Z,cs,2.65%,1.379GiB / 2GiB
2026-09-27T09:17:24.448Z,ss1,169.06%,2.176GiB / 4GiB
2026-09-27T09:17:24.448Z,ss2,198.47%,2.238GiB / 4GiB
2026-09-27T09:17:24.448Z,is-provider,0.73%,10.47MiB / 256MiB
2026-09-27T09:17:24.948Z,cs,1.17%,1.378GiB / 2GiB
2026-09-27T09:17:24.948Z,ss1,194.72%,2.175GiB / 4GiB
2026-09-27T09:17:24.948Z,ss2,197.13%,2.238GiB / 4GiB
2026-09-27T09:17:24.948Z,is-provider,6.11%,10.64MiB / 256MiB
2026-09-27T09:17:25.448Z,cs,1.17%,1.378GiB / 2GiB
2026-09-27T09:17:25.448Z,ss1,194.72%,2.175GiB / 4GiB
2026-09-27T09:17:25.448Z,ss2,197.13%,2.238GiB / 4GiB
2026-09-27T09:17:25.448Z,is-provider,6.11%,10.64MiB / 256MiB
2026-09-27T09:17:25.948Z,cs,2.09%,1.379GiB / 2GiB
2026-09-27T09:17:25.948Z,ss1,192.22%,2.175GiB / 4GiB
2026-09-27T09:17:25.948Z,ss2,189.22%,2.239GiB / 4GiB
2026-09-27T09:17:25.948Z,is-provider,0.44%,10.58MiB / 256MiB
2026-09-27T09:17:26.448Z,cs,2.09%,1.379GiB / 2GiB
2026-09-27T09:17:26.448Z,ss1,192.22%,2.175GiB / 4GiB
2026-09-27T09:17:26.448Z,ss2,189.22%,2.239GiB / 4GiB
2026-09-27T09:17:26.448Z,is-provider,0.44%,10.58MiB / 256MiB
2026-09-27T09:17:26.948Z,cs,1.64%,1.378GiB / 2GiB
2026-09-27T09:17:26.948Z,ss1,175.68%,2.175GiB / 4GiB
2026-09-27T09:17:26.948Z,ss2,179.20%,2.239GiB / 4GiB
2026-09-27T09:17:26.948Z,is-provider,0.48%,10.54MiB / 256MiB
2026-09-27T09:17:27.448Z,cs,1.64%,1.378GiB / 2GiB
2026-09-27T09:17:27.448Z,ss1,175.68%,2.175GiB / 4GiB
2026-09-27T09:17:27.448Z,ss2,179.20%,2.239GiB / 4GiB
2026-09-27T09:17:27.448Z,is-provider,0.48%,10.54MiB / 256MiB
2026-09-27T09:17:27.948Z,cs,1.17%,1.378GiB / 2GiB
2026-09-27T09:17:27.948Z,ss1,149.94%,2.176GiB / 4GiB
2026-09-27T09:17:27.948Z,ss2,186.91%,2.239GiB / 4GiB
2026-09-27T09:17:27.948Z,is-provider,0.62%,10.12MiB / 256MiB
2026-09-27T09:17:28.448Z,cs,1.17%,1.378GiB / 2GiB
2026-09-27T09:17:28.448Z,ss1,149.94%,2.176GiB / 4GiB
2026-09-27T09:17:28.448Z,ss2,186.91%,2.239GiB / 4GiB
2026-09-27T09:17:28.448Z,is-provider,0.62%,10.12MiB / 256MiB
2026-09-27T09:17:28.949Z,cs,1.17%,1.378GiB / 2GiB
2026-09-27T09:17:28.949Z,ss1,149.94%,2.176GiB / 4GiB
2026-09-27T09:17:28.949Z,ss2,195.70%,2.239GiB / 4GiB
2026-09-27T09:17:28.949Z,is-provider,0.85%,10.74MiB / 256MiB
2026-09-27T09:17:29.448Z,cs,1.71%,1.378GiB / 2GiB
2026-09-27T09:17:29.448Z,ss1,178.20%,2.176GiB / 4GiB
2026-09-27T09:17:29.448Z,ss2,195.70%,2.239GiB / 4GiB
2026-09-27T09:17:29.448Z,is-provider,0.85%,10.74MiB / 256MiB
2026-09-27T09:17:29.948Z,cs,1.71%,1.378GiB / 2GiB
2026-09-27T09:17:29.948Z,ss1,178.20%,2.176GiB / 4GiB
2026-09-27T09:17:29.948Z,ss2,195.70%,2.239GiB / 4GiB
2026-09-27T09:17:29.948Z,is-provider,0.85%,10.74MiB / 256MiB
2026-09-27T09:17:30.448Z,cs,1.20%,1.378GiB / 2GiB
2026-09-27T09:17:30.448Z,ss1,177.91%,2.176GiB / 4GiB
2026-09-27T09:17:30.448Z,ss2,162.45%,2.232GiB / 4GiB
2026-09-27T09:17:30.448Z,is-provider,7.10%,11.09MiB / 256MiB
2026-09-27T09:17:30.948Z,cs,1.20%,1.378GiB / 2GiB
2026-09-27T09:17:30.948Z,ss1,177.91%,2.176GiB / 4GiB
2026-09-27T09:17:30.948Z,ss2,162.45%,2.232GiB / 4GiB
2026-09-27T09:17:30.948Z,is-provider,7.10%,11.09MiB / 256MiB
2026-09-27T09:17:31.448Z,cs,6.67%,1.379GiB / 2GiB
2026-09-27T09:17:31.448Z,ss1,148.37%,2.176GiB / 4GiB
2026-09-27T09:17:31.448Z,ss2,176.81%,2.233GiB / 4GiB
2026-09-27T09:17:31.448Z,is-provider,0.90%,10.03MiB / 256MiB
2026-09-27T09:17:31.949Z,cs,6.67%,1.379GiB / 2GiB
2026-09-27T09:17:31.949Z,ss1,148.37%,2.176GiB / 4GiB
2026-09-27T09:17:31.949Z,ss2,176.81%,2.233GiB / 4GiB
2026-09-27T09:17:31.949Z,is-provider,0.90%,10.03MiB / 256MiB
2026-09-27T09:17:32.448Z,cs,6.90%,1.379GiB / 2GiB
2026-09-27T09:17:32.448Z,ss1,173.95%,2.176GiB / 4GiB
2026-09-27T09:17:32.448Z,ss2,187.97%,2.233GiB / 4GiB
2026-09-27T09:17:32.448Z,is-provider,0.88%,9.805MiB / 256MiB
2026-09-27T09:17:32.948Z,cs,6.90%,1.379GiB / 2GiB
2026-09-27T09:17:32.948Z,ss1,173.95%,2.176GiB / 4GiB
2026-09-27T09:17:32.948Z,ss2,187.97%,2.233GiB / 4GiB
2026-09-27T09:17:32.948Z,is-provider,0.88%,9.805MiB / 256MiB
2026-09-27T09:17:33.448Z,cs,66.86%,1.379GiB / 2GiB
2026-09-27T09:17:33.448Z,ss1,197.33%,2.177GiB / 4GiB
2026-09-27T09:17:33.448Z,ss2,201.64%,2.234GiB / 4GiB
2026-09-27T09:17:33.448Z,is-provider,0.62%,10.5MiB / 256MiB
2026-09-27T09:17:33.948Z,cs,66.86%,1.379GiB / 2GiB
2026-09-27T09:17:33.948Z,ss1,197.33%,2.177GiB / 4GiB
2026-09-27T09:17:33.948Z,ss2,201.64%,2.234GiB / 4GiB
2026-09-27T09:17:33.948Z,is-provider,0.62%,10.5MiB / 256MiB
2026-09-27T09:17:34.448Z,cs,1.83%,1.379GiB / 2GiB
2026-09-27T09:17:34.448Z,ss1,172.05%,2.176GiB / 4GiB
2026-09-27T09:17:34.448Z,ss2,160.43%,2.234GiB / 4GiB
2026-09-27T09:17:34.448Z,is-provider,1.12%,10.76MiB / 256MiB
2026-09-27T09:17:34.948Z,cs,1.83%,1.379GiB / 2GiB
2026-09-27T09:17:34.948Z,ss1,172.05%,2.176GiB / 4GiB
2026-09-27T09:17:34.948Z,ss2,160.43%,2.234GiB / 4GiB
2026-09-27T09:17:34.948Z,is-provider,1.12%,10.76MiB / 256MiB
2026-09-27T09:17:35.448Z,cs,1.28%,1.378GiB / 2GiB
2026-09-27T09:17:35.448Z,ss1,173.10%,2.177GiB / 4GiB
2026-09-27T09:17:35.448Z,ss2,174.81%,2.233GiB / 4GiB
2026-09-27T09:17:35.448Z,is-provider,5.87%,10.75MiB / 256MiB
2026-09-27T09:17:35.948Z,cs,1.28%,1.378GiB / 2GiB
2026-09-27T09:17:35.948Z,ss1,173.10%,2.177GiB / 4GiB
2026-09-27T09:17:35.948Z,ss2,174.81%,2.233GiB / 4GiB
2026-09-27T09:17:35.948Z,is-provider,5.87%,10.75MiB / 256MiB
2026-09-27T09:17:36.448Z,cs,1.48%,1.378GiB / 2GiB
2026-09-27T09:17:36.448Z,ss1,184.09%,2.177GiB / 4GiB
2026-09-27T09:17:36.448Z,ss2,160.79%,2.234GiB / 4GiB
2026-09-27T09:17:36.448Z,is-provider,0.64%,11.19MiB / 256MiB
2026-09-27T09:17:36.948Z,cs,1.48%,1.378GiB / 2GiB
2026-09-27T09:17:36.948Z,ss1,184.09%,2.177GiB / 4GiB
2026-09-27T09:17:36.948Z,ss2,160.79%,2.234GiB / 4GiB
2026-09-27T09:17:36.948Z,is-provider,0.64%,11.19MiB / 256MiB
2026-09-27T09:17:37.448Z,cs,1.32%,1.378GiB / 2GiB
2026-09-27T09:17:37.448Z,ss1,166.57%,2.177GiB / 4GiB
2026-09-27T09:17:37.448Z,ss2,187.10%,2.235GiB / 4GiB
2026-09-27T09:17:37.448Z,is-provider,0.80%,11.07MiB / 256MiB
2026-09-27T09:17:37.948Z,cs,1.32%,1.378GiB / 2GiB
2026-09-27T09:17:37.948Z,ss1,166.57%,2.177GiB / 4GiB
2026-09-27T09:17:37.948Z,ss2,187.10%,2.235GiB / 4GiB
2026-09-27T09:17:37.948Z,is-provider,0.80%,11.07MiB / 256MiB
2026-09-27T09:17:38.452Z,cs,1.30%,1.378GiB / 2GiB
2026-09-27T09:17:38.452Z,ss1,193.58%,2.177GiB / 4GiB
2026-09-27T09:17:38.452Z,ss2,195.80%,2.235GiB / 4GiB
2026-09-27T09:17:38.452Z,is-provider,0.80%,10.45MiB / 256MiB
2026-09-27T09:17:38.948Z,cs,1.30%,1.378GiB / 2GiB
2026-09-27T09:17:38.948Z,ss1,193.58%,2.177GiB / 4GiB
2026-09-27T09:17:38.948Z,ss2,195.80%,2.235GiB / 4GiB
2026-09-27T09:17:38.948Z,is-provider,0.80%,10.45MiB / 256MiB
2026-09-27T09:17:39.448Z,cs,3.17%,1.378GiB / 2GiB
2026-09-27T09:17:39.448Z,ss1,189.07%,2.177GiB / 4GiB
2026-09-27T09:17:39.448Z,ss2,198.80%,2.235GiB / 4GiB
2026-09-27T09:17:39.448Z,is-provider,9.92%,12.26MiB / 256MiB
2026-09-27T09:17:39.948Z,cs,3.17%,1.378GiB / 2GiB
2026-09-27T09:17:39.948Z,ss1,189.07%,2.177GiB / 4GiB
2026-09-27T09:17:39.948Z,ss2,198.80%,2.235GiB / 4GiB
2026-09-27T09:17:39.948Z,is-provider,9.92%,12.26MiB / 256MiB
2026-09-27T09:17:40.449Z,cs,1.54%,1.378GiB / 2GiB
2026-09-27T09:17:40.449Z,ss1,166.41%,2.177GiB / 4GiB
2026-09-27T09:17:40.449Z,ss2,164.20%,2.235GiB / 4GiB
2026-09-27T09:17:40.449Z,is-provider,1.42%,10.58MiB / 256MiB
2026-09-27T09:17:40.949Z,cs,1.54%,1.378GiB / 2GiB
2026-09-27T09:17:40.949Z,ss1,166.41%,2.177GiB / 4GiB
2026-09-27T09:17:40.949Z,ss2,164.20%,2.235GiB / 4GiB
2026-09-27T09:17:40.949Z,is-provider,1.42%,10.58MiB / 256MiB
2026-09-27T09:17:41.448Z,cs,9.90%,1.379GiB / 2GiB
2026-09-27T09:17:41.448Z,ss1,158.22%,2.177GiB / 4GiB
2026-09-27T09:17:41.448Z,ss2,158.49%,2.235GiB / 4GiB
2026-09-27T09:17:41.448Z,is-provider,0.56%,10.39MiB / 256MiB
2026-09-27T09:17:41.948Z,cs,9.90%,1.379GiB / 2GiB
2026-09-27T09:17:41.948Z,ss1,158.22%,2.177GiB / 4GiB
2026-09-27T09:17:41.948Z,ss2,158.49%,2.235GiB / 4GiB
2026-09-27T09:17:41.948Z,is-provider,0.56%,10.39MiB / 256MiB
2026-09-27T09:17:42.448Z,cs,48.29%,1.38GiB / 2GiB
2026-09-27T09:17:42.448Z,ss1,172.95%,2.178GiB / 4GiB
2026-09-27T09:17:42.448Z,ss2,201.34%,2.235GiB / 4GiB
2026-09-27T09:17:42.448Z,is-provider,0.72%,10.44MiB / 256MiB
2026-09-27T09:17:42.948Z,cs,48.29%,1.38GiB / 2GiB
2026-09-27T09:17:42.948Z,ss1,172.95%,2.178GiB / 4GiB
2026-09-27T09:17:42.948Z,ss2,201.34%,2.235GiB / 4GiB
2026-09-27T09:17:42.948Z,is-provider,0.72%,10.44MiB / 256MiB
2026-09-27T09:17:43.452Z,cs,48.29%,1.38GiB / 2GiB
2026-09-27T09:17:43.452Z,ss1,172.95%,2.178GiB / 4GiB
2026-09-27T09:17:43.452Z,ss2,201.34%,2.235GiB / 4GiB
2026-09-27T09:17:43.452Z,is-provider,0.72%,10.44MiB / 256MiB
2026-09-27T09:17:43.949Z,cs,37.16%,1.38GiB / 2GiB
2026-09-27T09:17:43.949Z,ss1,175.63%,2.178GiB / 4GiB
2026-09-27T09:17:43.949Z,ss2,169.81%,2.236GiB / 4GiB
2026-09-27T09:17:43.949Z,is-provider,0.41%,10.74MiB / 256MiB
2026-09-27T09:17:44.448Z,cs,37.16%,1.38GiB / 2GiB
2026-09-27T09:17:44.448Z,ss1,175.63%,2.178GiB / 4GiB
2026-09-27T09:17:44.448Z,ss2,169.81%,2.236GiB / 4GiB
2026-09-27T09:17:44.448Z,is-provider,0.41%,10.74MiB / 256MiB
2026-09-27T09:17:44.948Z,cs,2.39%,1.379GiB / 2GiB
2026-09-27T09:17:44.948Z,ss1,139.96%,2.178GiB / 4GiB
2026-09-27T09:17:44.948Z,ss2,186.86%,2.235GiB / 4GiB
2026-09-27T09:17:44.948Z,is-provider,7.37%,11.45MiB / 256MiB
2026-09-27T09:17:45.448Z,cs,2.39%,1.379GiB / 2GiB
2026-09-27T09:17:45.448Z,ss1,139.96%,2.178GiB / 4GiB
2026-09-27T09:17:45.448Z,ss2,186.86%,2.235GiB / 4GiB
2026-09-27T09:17:45.448Z,is-provider,7.37%,11.45MiB / 256MiB
2026-09-27T09:17:45.948Z,cs,1.49%,1.379GiB / 2GiB
2026-09-27T09:17:45.948Z,ss1,172.37%,2.178GiB / 4GiB
2026-09-27T09:17:45.948Z,ss2,145.80%,2.236GiB / 4GiB
2026-09-27T09:17:45.948Z,is-provider,0.61%,11.29MiB / 256MiB
2026-09-27T09:17:46.448Z,cs,1.49%,1.379GiB / 2GiB
2026-09-27T09:17:46.448Z,ss1,172.37%,2.178GiB / 4GiB
2026-09-27T09:17:46.448Z,ss2,145.80%,2.236GiB / 4GiB
2026-09-27T09:17:46.448Z,is-provider,0.61%,11.29MiB / 256MiB
2026-09-27T09:17:46.948Z,cs,1.23%,1.379GiB / 2GiB
2026-09-27T09:17:46.948Z,ss1,154.17%,2.179GiB / 4GiB
2026-09-27T09:17:46.948Z,ss2,177.93%,2.235GiB / 4GiB
2026-09-27T09:17:46.948Z,is-provider,0.98%,10.46MiB / 256MiB
2026-09-27T09:17:47.448Z,cs,1.23%,1.379GiB / 2GiB
2026-09-27T09:17:47.448Z,ss1,154.17%,2.179GiB / 4GiB
2026-09-27T09:17:47.448Z,ss2,177.93%,2.235GiB / 4GiB
2026-09-27T09:17:47.448Z,is-provider,0.98%,10.46MiB / 256MiB
2026-09-27T09:17:47.951Z,cs,4.87%,1.379GiB / 2GiB
2026-09-27T09:17:47.951Z,ss1,151.94%,2.18GiB / 4GiB
2026-09-27T09:17:47.951Z,ss2,137.65%,2.236GiB / 4GiB
2026-09-27T09:17:47.951Z,is-provider,0.69%,10.72MiB / 256MiB
2026-09-27T09:17:48.448Z,cs,4.87%,1.379GiB / 2GiB
2026-09-27T09:17:48.448Z,ss1,151.94%,2.18GiB / 4GiB
2026-09-27T09:17:48.448Z,ss2,137.65%,2.236GiB / 4GiB
2026-09-27T09:17:48.448Z,is-provider,0.69%,10.72MiB / 256MiB
2026-09-27T09:17:48.948Z,cs,1.69%,1.378GiB / 2GiB
2026-09-27T09:17:48.948Z,ss1,159.48%,2.18GiB / 4GiB
2026-09-27T09:17:48.948Z,ss2,168.91%,2.236GiB / 4GiB
2026-09-27T09:17:48.948Z,is-provider,1.34%,10.88MiB / 256MiB
2026-09-27T09:17:49.448Z,cs,1.69%,1.378GiB / 2GiB
2026-09-27T09:17:49.448Z,ss1,159.48%,2.18GiB / 4GiB
2026-09-27T09:17:49.448Z,ss2,168.91%,2.236GiB / 4GiB
2026-09-27T09:17:49.448Z,is-provider,1.34%,10.88MiB / 256MiB
2026-09-27T09:17:49.948Z,cs,1.30%,1.379GiB / 2GiB
2026-09-27T09:17:49.948Z,ss1,145.86%,2.18GiB / 4GiB
2026-09-27T09:17:49.948Z,ss2,135.41%,2.238GiB / 4GiB
2026-09-27T09:17:49.948Z,is-provider,6.36%,10.75MiB / 256MiB
2026-09-27T09:17:50.448Z,cs,1.30%,1.379GiB / 2GiB
2026-09-27T09:17:50.448Z,ss1,145.86%,2.18GiB / 4GiB
2026-09-27T09:17:50.448Z,ss2,135.41%,2.238GiB / 4GiB
2026-09-27T09:17:50.448Z,is-provider,6.36%,10.75MiB / 256MiB
2026-09-27T09:17:50.948Z,cs,8.66%,1.379GiB / 2GiB
2026-09-27T09:17:50.948Z,ss1,166.36%,2.181GiB / 4GiB
2026-09-27T09:17:50.948Z,ss2,184.58%,2.238GiB / 4GiB
2026-09-27T09:17:50.948Z,is-provider,0.59%,9.898MiB / 256MiB
2026-09-27T09:17:51.448Z,cs,8.66%,1.379GiB / 2GiB
2026-09-27T09:17:51.448Z,ss1,166.36%,2.181GiB / 4GiB
2026-09-27T09:17:51.448Z,ss2,184.58%,2.238GiB / 4GiB
2026-09-27T09:17:51.448Z,is-provider,0.59%,9.898MiB / 256MiB
2026-09-27T09:17:51.948Z,cs,3.14%,1.379GiB / 2GiB
2026-09-27T09:17:51.948Z,ss1,186.61%,2.182GiB / 4GiB
2026-09-27T09:17:51.948Z,ss2,157.82%,2.239GiB / 4GiB
2026-09-27T09:17:51.948Z,is-provider,0.42%,10.27MiB / 256MiB
2026-09-27T09:17:52.448Z,cs,3.14%,1.379GiB / 2GiB
2026-09-27T09:17:52.448Z,ss1,186.61%,2.182GiB / 4GiB
2026-09-27T09:17:52.448Z,ss2,157.82%,2.239GiB / 4GiB
2026-09-27T09:17:52.448Z,is-provider,0.42%,10.27MiB / 256MiB
2026-09-27T09:17:52.948Z,cs,77.16%,1.38GiB / 2GiB
2026-09-27T09:17:52.948Z,ss1,171.45%,2.182GiB / 4GiB
2026-09-27T09:17:52.948Z,ss2,132.52%,2.24GiB / 4GiB
2026-09-27T09:17:52.948Z,is-provider,0.54%,9.809MiB / 256MiB
2026-09-27T09:17:53.448Z,cs,77.16%,1.38GiB / 2GiB
2026-09-27T09:17:53.448Z,ss1,171.45%,2.182GiB / 4GiB
2026-09-27T09:17:53.448Z,ss2,132.52%,2.24GiB / 4GiB
2026-09-27T09:17:53.448Z,is-provider,0.54%,9.809MiB / 256MiB
2026-09-27T09:17:53.949Z,cs,2.12%,1.38GiB / 2GiB
2026-09-27T09:17:53.949Z,ss1,193.46%,2.184GiB / 4GiB
2026-09-27T09:17:53.949Z,ss2,130.15%,2.24GiB / 4GiB
2026-09-27T09:17:53.949Z,is-provider,0.55%,10.21MiB / 256MiB
2026-09-27T09:17:54.448Z,cs,2.12%,1.38GiB / 2GiB
2026-09-27T09:17:54.448Z,ss1,193.46%,2.184GiB / 4GiB
2026-09-27T09:17:54.448Z,ss2,130.15%,2.24GiB / 4GiB
2026-09-27T09:17:54.448Z,is-provider,0.55%,10.21MiB / 256MiB
2026-09-27T09:17:54.949Z,cs,1.55%,1.379GiB / 2GiB
2026-09-27T09:17:54.949Z,ss1,169.22%,2.187GiB / 4GiB
2026-09-27T09:17:54.949Z,ss2,201.89%,2.269GiB / 4GiB
2026-09-27T09:17:54.949Z,is-provider,5.44%,10.84MiB / 256MiB
2026-09-27T09:17:55.448Z,cs,1.55%,1.379GiB / 2GiB
2026-09-27T09:17:55.448Z,ss1,169.22%,2.187GiB / 4GiB
2026-09-27T09:17:55.448Z,ss2,201.89%,2.269GiB / 4GiB
2026-09-27T09:17:55.448Z,is-provider,5.44%,10.84MiB / 256MiB
2026-09-27T09:17:55.948Z,cs,1.15%,1.379GiB / 2GiB
2026-09-27T09:17:55.948Z,ss1,179.01%,2.185GiB / 4GiB
2026-09-27T09:17:55.948Z,ss2,134.48%,2.242GiB / 4GiB
2026-09-27T09:17:55.948Z,is-provider,0.65%,10.62MiB / 256MiB
2026-09-27T09:17:56.448Z,cs,1.15%,1.379GiB / 2GiB
2026-09-27T09:17:56.448Z,ss1,179.01%,2.185GiB / 4GiB
2026-09-27T09:17:56.448Z,ss2,134.48%,2.242GiB / 4GiB
2026-09-27T09:17:56.448Z,is-provider,0.65%,10.62MiB / 256MiB
2026-09-27T09:17:56.948Z,cs,1.25%,1.378GiB / 2GiB
2026-09-27T09:17:56.948Z,ss1,139.33%,2.185GiB / 4GiB
2026-09-27T09:17:56.948Z,ss2,162.58%,2.242GiB / 4GiB
2026-09-27T09:17:56.948Z,is-provider,0.47%,10.94MiB / 256MiB
2026-09-27T09:17:57.448Z,cs,1.25%,1.378GiB / 2GiB
2026-09-27T09:17:57.448Z,ss1,139.33%,2.185GiB / 4GiB
2026-09-27T09:17:57.448Z,ss2,162.58%,2.242GiB / 4GiB
2026-09-27T09:17:57.448Z,is-provider,0.47%,10.94MiB / 256MiB
2026-09-27T09:17:57.948Z,cs,1.07%,1.378GiB / 2GiB
2026-09-27T09:17:57.948Z,ss1,169.77%,2.186GiB / 4GiB
2026-09-27T09:17:57.948Z,ss2,135.87%,2.242GiB / 4GiB
2026-09-27T09:17:57.948Z,is-provider,0.59%,10.67MiB / 256MiB
2026-09-27T09:17:58.448Z,cs,1.07%,1.378GiB / 2GiB
2026-09-27T09:17:58.448Z,ss1,169.77%,2.186GiB / 4GiB
2026-09-27T09:17:58.448Z,ss2,135.87%,2.242GiB / 4GiB
2026-09-27T09:17:58.448Z,is-provider,0.59%,10.67MiB / 256MiB
2026-09-27T09:17:58.948Z,cs,1.29%,1.378GiB / 2GiB
2026-09-27T09:17:58.948Z,ss1,162.03%,2.186GiB / 4GiB
2026-09-27T09:17:58.948Z,ss2,149.65%,2.243GiB / 4GiB
2026-09-27T09:17:58.948Z,is-provider,0.73%,11.36MiB / 256MiB
2026-09-27T09:17:59.448Z,cs,1.29%,1.378GiB / 2GiB
2026-09-27T09:17:59.448Z,ss1,162.03%,2.186GiB / 4GiB
2026-09-27T09:17:59.448Z,ss2,149.65%,2.243GiB / 4GiB
2026-09-27T09:17:59.448Z,is-provider,0.73%,11.36MiB / 256MiB
2026-09-27T09:17:59.948Z,cs,1.29%,1.378GiB / 2GiB
2026-09-27T09:17:59.948Z,ss1,141.52%,2.186GiB / 4GiB
2026-09-27T09:17:59.948Z,ss2,144.37%,2.243GiB / 4GiB
2026-09-27T09:17:59.948Z,is-provider,7.16%,10.08MiB / 256MiB
2026-09-27T09:18:00.448Z,cs,1.23%,1.379GiB / 2GiB
2026-09-27T09:18:00.448Z,ss1,141.52%,2.186GiB / 4GiB
2026-09-27T09:18:00.448Z,ss2,144.37%,2.243GiB / 4GiB
2026-09-27T09:18:00.448Z,is-provider,7.16%,10.08MiB / 256MiB
2026-09-27T09:18:00.948Z,cs,1.23%,1.379GiB / 2GiB
2026-09-27T09:18:00.948Z,ss1,141.52%,2.186GiB / 4GiB
2026-09-27T09:18:00.948Z,ss2,144.37%,2.243GiB / 4GiB
2026-09-27T09:18:00.948Z,is-provider,7.16%,10.08MiB / 256MiB
2026-09-27T09:18:01.448Z,cs,7.72%,1.379GiB / 2GiB
2026-09-27T09:18:01.448Z,ss1,148.21%,2.187GiB / 4GiB
2026-09-27T09:18:01.448Z,ss2,113.63%,2.243GiB / 4GiB
2026-09-27T09:18:01.448Z,is-provider,0.65%,10.52MiB / 256MiB
2026-09-27T09:18:01.948Z,cs,7.72%,1.379GiB / 2GiB
2026-09-27T09:18:01.948Z,ss1,148.21%,2.187GiB / 4GiB
2026-09-27T09:18:01.948Z,ss2,113.63%,2.243GiB / 4GiB
2026-09-27T09:18:01.948Z,is-provider,0.65%,10.52MiB / 256MiB
2026-09-27T09:18:02.448Z,cs,1.14%,1.378GiB / 2GiB
2026-09-27T09:18:02.448Z,ss1,130.40%,2.187GiB / 4GiB
2026-09-27T09:18:02.448Z,ss2,147.92%,2.243GiB / 4GiB
2026-09-27T09:18:02.448Z,is-provider,0.76%,10MiB / 256MiB
2026-09-27T09:18:02.948Z,cs,1.14%,1.378GiB / 2GiB
2026-09-27T09:18:02.948Z,ss1,130.40%,2.187GiB / 4GiB
2026-09-27T09:18:02.948Z,ss2,147.92%,2.243GiB / 4GiB
2026-09-27T09:18:02.948Z,is-provider,0.76%,10MiB / 256MiB
2026-09-27T09:18:03.448Z,cs,56.32%,1.379GiB / 2GiB
2026-09-27T09:18:03.448Z,ss1,127.18%,2.187GiB / 4GiB
2026-09-27T09:18:03.448Z,ss2,159.97%,2.244GiB / 4GiB
2026-09-27T09:18:03.448Z,is-provider,0.57%,10.56MiB / 256MiB
2026-09-27T09:18:03.948Z,cs,56.32%,1.379GiB / 2GiB
2026-09-27T09:18:03.948Z,ss1,127.18%,2.187GiB / 4GiB
2026-09-27T09:18:03.948Z,ss2,159.97%,2.244GiB / 4GiB
2026-09-27T09:18:03.948Z,is-provider,0.57%,10.56MiB / 256MiB
2026-09-27T09:18:04.448Z,cs,1.10%,1.379GiB / 2GiB
2026-09-27T09:18:04.448Z,ss1,166.83%,2.187GiB / 4GiB
2026-09-27T09:18:04.448Z,ss2,137.29%,2.244GiB / 4GiB
2026-09-27T09:18:04.448Z,is-provider,0.52%,10.02MiB / 256MiB
2026-09-27T09:18:04.948Z,cs,1.10%,1.379GiB / 2GiB
2026-09-27T09:18:04.948Z,ss1,166.83%,2.187GiB / 4GiB
2026-09-27T09:18:04.948Z,ss2,137.29%,2.244GiB / 4GiB
2026-09-27T09:18:04.948Z,is-provider,0.52%,10.02MiB / 256MiB
2026-09-27T09:18:05.448Z,cs,1.32%,1.378GiB / 2GiB
2026-09-27T09:18:05.448Z,ss1,163.17%,2.187GiB / 4GiB
2026-09-27T09:18:05.448Z,ss2,150.88%,2.244GiB / 4GiB
2026-09-27T09:18:05.448Z,is-provider,7.07%,10.9MiB / 256MiB
2026-09-27T09:18:05.948Z,cs,1.32%,1.378GiB / 2GiB
2026-09-27T09:18:05.948Z,ss1,163.17%,2.187GiB / 4GiB
2026-09-27T09:18:05.948Z,ss2,150.88%,2.244GiB / 4GiB
2026-09-27T09:18:05.948Z,is-provider,7.07%,10.9MiB / 256MiB
2026-09-27T09:18:06.448Z,cs,1.21%,1.378GiB / 2GiB
2026-09-27T09:18:06.448Z,ss1,121.36%,2.188GiB / 4GiB
2026-09-27T09:18:06.448Z,ss2,162.34%,2.245GiB / 4GiB
2026-09-27T09:18:06.448Z,is-provider,0.65%,10.51MiB / 256MiB
2026-09-27T09:18:06.948Z,cs,1.21%,1.378GiB / 2GiB
2026-09-27T09:18:06.948Z,ss1,121.36%,2.188GiB / 4GiB
2026-09-27T09:18:06.948Z,ss2,162.34%,2.245GiB / 4GiB
2026-09-27T09:18:06.948Z,is-provider,0.65%,10.51MiB / 256MiB
2026-09-27T09:18:07.448Z,cs,1.05%,1.378GiB / 2GiB
2026-09-27T09:18:07.448Z,ss1,102.83%,2.188GiB / 4GiB
2026-09-27T09:18:07.448Z,ss2,111.58%,2.245GiB / 4GiB
2026-09-27T09:18:07.448Z,is-provider,0.64%,10.68MiB / 256MiB
2026-09-27T09:18:07.948Z,cs,1.05%,1.378GiB / 2GiB
2026-09-27T09:18:07.948Z,ss1,102.83%,2.188GiB / 4GiB
2026-09-27T09:18:07.948Z,ss2,111.58%,2.245GiB / 4GiB
2026-09-27T09:18:07.948Z,is-provider,0.64%,10.68MiB / 256MiB
2026-09-27T09:18:08.448Z,cs,1.41%,1.378GiB / 2GiB
2026-09-27T09:18:08.448Z,ss1,137.47%,2.188GiB / 4GiB
2026-09-27T09:18:08.448Z,ss2,139.22%,2.246GiB / 4GiB
2026-09-27T09:18:08.448Z,is-provider,0.70%,10.49MiB / 256MiB
2026-09-27T09:18:08.948Z,cs,1.41%,1.378GiB / 2GiB
2026-09-27T09:18:08.948Z,ss1,137.47%,2.188GiB / 4GiB
2026-09-27T09:18:08.948Z,ss2,139.22%,2.246GiB / 4GiB
2026-09-27T09:18:08.948Z,is-provider,0.70%,10.49MiB / 256MiB
2026-09-27T09:18:09.448Z,cs,1.95%,1.378GiB / 2GiB
2026-09-27T09:18:09.448Z,ss1,110.60%,2.188GiB / 4GiB
2026-09-27T09:18:09.448Z,ss2,133.51%,2.246GiB / 4GiB
2026-09-27T09:18:09.448Z,is-provider,0.77%,10.2MiB / 256MiB
2026-09-27T09:18:09.948Z,cs,1.95%,1.378GiB / 2GiB
2026-09-27T09:18:09.948Z,ss1,110.60%,2.188GiB / 4GiB
2026-09-27T09:18:09.948Z,ss2,133.51%,2.246GiB / 4GiB
2026-09-27T09:18:09.948Z,is-provider,0.77%,10.2MiB / 256MiB
2026-09-27T09:18:10.448Z,cs,1.30%,1.379GiB / 2GiB
2026-09-27T09:18:10.448Z,ss1,112.13%,2.189GiB / 4GiB
2026-09-27T09:18:10.448Z,ss2,141.40%,2.245GiB / 4GiB
2026-09-27T09:18:10.448Z,is-provider,5.83%,10.26MiB / 256MiB
2026-09-27T09:18:10.948Z,cs,1.30%,1.379GiB / 2GiB
2026-09-27T09:18:10.948Z,ss1,112.13%,2.189GiB / 4GiB
2026-09-27T09:18:10.948Z,ss2,141.40%,2.245GiB / 4GiB
2026-09-27T09:18:10.948Z,is-provider,5.83%,10.26MiB / 256MiB
2026-09-27T09:18:11.448Z,cs,5.37%,1.379GiB / 2GiB
2026-09-27T09:18:11.448Z,ss1,116.17%,2.189GiB / 4GiB
2026-09-27T09:18:11.448Z,ss2,128.18%,2.246GiB / 4GiB
2026-09-27T09:18:11.448Z,is-provider,0.49%,10.25MiB / 256MiB
2026-09-27T09:18:11.948Z,cs,5.37%,1.379GiB / 2GiB
2026-09-27T09:18:11.948Z,ss1,116.17%,2.189GiB / 4GiB
2026-09-27T09:18:11.948Z,ss2,128.18%,2.246GiB / 4GiB
2026-09-27T09:18:11.948Z,is-provider,0.49%,10.25MiB / 256MiB
2026-09-27T09:18:12.448Z,cs,23.38%,1.38GiB / 2GiB
2026-09-27T09:18:12.448Z,ss1,104.61%,2.189GiB / 4GiB
2026-09-27T09:18:12.448Z,ss2,165.01%,2.246GiB / 4GiB
2026-09-27T09:18:12.448Z,is-provider,0.55%,9.719MiB / 256MiB
2026-09-27T09:18:12.948Z,cs,23.38%,1.38GiB / 2GiB
2026-09-27T09:18:12.948Z,ss1,104.61%,2.189GiB / 4GiB
2026-09-27T09:18:12.948Z,ss2,165.01%,2.246GiB / 4GiB
2026-09-27T09:18:12.948Z,is-provider,0.55%,9.719MiB / 256MiB
2026-09-27T09:18:13.448Z,cs,36.57%,1.38GiB / 2GiB
2026-09-27T09:18:13.448Z,ss1,143.56%,2.19GiB / 4GiB
2026-09-27T09:18:13.448Z,ss2,170.89%,2.246GiB / 4GiB
2026-09-27T09:18:13.448Z,is-provider,0.38%,10.21MiB / 256MiB
2026-09-27T09:18:13.951Z,cs,36.57%,1.38GiB / 2GiB
2026-09-27T09:18:13.951Z,ss1,143.56%,2.19GiB / 4GiB
2026-09-27T09:18:13.951Z,ss2,170.89%,2.246GiB / 4GiB
2026-09-27T09:18:13.951Z,is-provider,0.38%,10.21MiB / 256MiB
2026-09-27T09:18:14.448Z,cs,1.33%,1.379GiB / 2GiB
2026-09-27T09:18:14.448Z,ss1,148.34%,2.19GiB / 4GiB
2026-09-27T09:18:14.448Z,ss2,123.29%,2.247GiB / 4GiB
2026-09-27T09:18:14.448Z,is-provider,0.27%,10.64MiB / 256MiB
2026-09-27T09:18:14.948Z,cs,1.33%,1.379GiB / 2GiB
2026-09-27T09:18:14.948Z,ss1,148.34%,2.19GiB / 4GiB
2026-09-27T09:18:14.948Z,ss2,123.29%,2.247GiB / 4GiB
2026-09-27T09:18:14.948Z,is-provider,0.27%,10.64MiB / 256MiB
2026-09-27T09:18:15.448Z,cs,1.09%,1.378GiB / 2GiB
2026-09-27T09:18:15.448Z,ss1,141.76%,2.191GiB / 4GiB
2026-09-27T09:18:15.448Z,ss2,113.76%,2.248GiB / 4GiB
2026-09-27T09:18:15.448Z,is-provider,5.15%,10.89MiB / 256MiB
2026-09-27T09:18:15.948Z,cs,1.09%,1.378GiB / 2GiB
2026-09-27T09:18:15.948Z,ss1,141.76%,2.191GiB / 4GiB
2026-09-27T09:18:15.948Z,ss2,113.76%,2.248GiB / 4GiB
2026-09-27T09:18:15.948Z,is-provider,5.15%,10.89MiB / 256MiB
2026-09-27T09:18:16.448Z,cs,1.18%,1.378GiB / 2GiB
2026-09-27T09:18:16.448Z,ss1,103.05%,2.192GiB / 4GiB
2026-09-27T09:18:16.448Z,ss2,154.57%,2.249GiB / 4GiB
2026-09-27T09:18:16.448Z,is-provider,0.49%,11.11MiB / 256MiB
2026-09-27T09:18:16.948Z,cs,1.18%,1.378GiB / 2GiB
2026-09-27T09:18:16.948Z,ss1,103.05%,2.192GiB / 4GiB
2026-09-27T09:18:16.948Z,ss2,154.57%,2.249GiB / 4GiB
2026-09-27T09:18:16.948Z,is-provider,0.49%,11.11MiB / 256MiB
2026-09-27T09:18:17.448Z,cs,0.96%,1.378GiB / 2GiB
2026-09-27T09:18:17.448Z,ss1,140.04%,2.192GiB / 4GiB
2026-09-27T09:18:17.448Z,ss2,90.70%,2.25GiB / 4GiB
2026-09-27T09:18:17.448Z,is-provider,0.33%,10.84MiB / 256MiB
2026-09-27T09:18:17.948Z,cs,0.96%,1.378GiB / 2GiB
2026-09-27T09:18:17.948Z,ss1,140.04%,2.192GiB / 4GiB
2026-09-27T09:18:17.948Z,ss2,90.70%,2.25GiB / 4GiB
2026-09-27T09:18:17.948Z,is-provider,0.33%,10.84MiB / 256MiB
2026-09-27T09:18:18.448Z,cs,1.24%,1.378GiB / 2GiB
2026-09-27T09:18:18.448Z,ss1,155.76%,2.193GiB / 4GiB
2026-09-27T09:18:18.448Z,ss2,140.32%,2.25GiB / 4GiB
2026-09-27T09:18:18.448Z,is-provider,0.67%,10.82MiB / 256MiB
2026-09-27T09:18:18.948Z,cs,1.24%,1.378GiB / 2GiB
2026-09-27T09:18:18.948Z,ss1,155.76%,2.193GiB / 4GiB
2026-09-27T09:18:18.948Z,ss2,140.32%,2.25GiB / 4GiB
2026-09-27T09:18:18.948Z,is-provider,0.67%,10.82MiB / 256MiB
2026-09-27T09:18:19.448Z,cs,1.19%,1.378GiB / 2GiB
2026-09-27T09:18:19.448Z,ss1,110.11%,2.195GiB / 4GiB
2026-09-27T09:18:19.448Z,ss2,102.29%,2.252GiB / 4GiB
2026-09-27T09:18:19.448Z,is-provider,0.40%,11.09MiB / 256MiB
2026-09-27T09:18:19.948Z,cs,1.19%,1.378GiB / 2GiB
2026-09-27T09:18:19.948Z,ss1,110.11%,2.195GiB / 4GiB
2026-09-27T09:18:19.948Z,ss2,102.29%,2.252GiB / 4GiB
2026-09-27T09:18:19.948Z,is-provider,0.40%,11.09MiB / 256MiB
2026-09-27T09:18:20.448Z,cs,1.13%,1.378GiB / 2GiB
2026-09-27T09:18:20.448Z,ss1,94.92%,2.195GiB / 4GiB
2026-09-27T09:18:20.448Z,ss2,87.67%,2.252GiB / 4GiB
2026-09-27T09:18:20.448Z,is-provider,6.25%,10.86MiB / 256MiB
2026-09-27T09:18:20.948Z,cs,1.13%,1.378GiB / 2GiB
2026-09-27T09:18:20.948Z,ss1,94.92%,2.195GiB / 4GiB
2026-09-27T09:18:20.948Z,ss2,87.67%,2.252GiB / 4GiB
2026-09-27T09:18:20.948Z,is-provider,6.25%,10.86MiB / 256MiB
2026-09-27T09:18:21.448Z,cs,6.02%,1.379GiB / 2GiB
2026-09-27T09:18:21.448Z,ss1,97.77%,2.196GiB / 4GiB
2026-09-27T09:18:21.448Z,ss2,118.22%,2.253GiB / 4GiB
2026-09-27T09:18:21.448Z,is-provider,0.69%,10.34MiB / 256MiB
2026-09-27T09:18:21.948Z,cs,6.02%,1.379GiB / 2GiB
2026-09-27T09:18:21.948Z,ss1,97.77%,2.196GiB / 4GiB
2026-09-27T09:18:21.948Z,ss2,118.22%,2.253GiB / 4GiB
2026-09-27T09:18:21.948Z,is-provider,0.69%,10.34MiB / 256MiB
2026-09-27T09:18:22.449Z,cs,46.68%,1.38GiB / 2GiB
2026-09-27T09:18:22.449Z,ss1,97.77%,2.196GiB / 4GiB
2026-09-27T09:18:22.449Z,ss2,118.22%,2.253GiB / 4GiB
2026-09-27T09:18:22.449Z,is-provider,0.69%,10.34MiB / 256MiB
2026-09-27T09:18:22.948Z,cs,46.68%,1.38GiB / 2GiB
2026-09-27T09:18:22.948Z,ss1,185.98%,2.196GiB / 4GiB
2026-09-27T09:18:22.948Z,ss2,121.35%,2.254GiB / 4GiB
2026-09-27T09:18:22.948Z,is-provider,0.53%,10.1MiB / 256MiB
2026-09-27T09:18:23.448Z,cs,46.68%,1.38GiB / 2GiB
2026-09-27T09:18:23.448Z,ss1,185.98%,2.196GiB / 4GiB
2026-09-27T09:18:23.448Z,ss2,121.35%,2.254GiB / 4GiB
2026-09-27T09:18:23.448Z,is-provider,0.53%,10.1MiB / 256MiB
2026-09-27T09:18:23.948Z,cs,41.05%,1.379GiB / 2GiB
2026-09-27T09:18:23.948Z,ss1,113.26%,2.197GiB / 4GiB
2026-09-27T09:18:23.948Z,ss2,130.45%,2.254GiB / 4GiB
2026-09-27T09:18:23.948Z,is-provider,0.65%,10.44MiB / 256MiB
2026-09-27T09:18:24.448Z,cs,41.05%,1.379GiB / 2GiB
2026-09-27T09:18:24.448Z,ss1,113.26%,2.197GiB / 4GiB
2026-09-27T09:18:24.448Z,ss2,130.45%,2.254GiB / 4GiB
2026-09-27T09:18:24.448Z,is-provider,0.65%,10.44MiB / 256MiB
2026-09-27T09:18:24.948Z,cs,1.02%,1.378GiB / 2GiB
2026-09-27T09:18:24.948Z,ss1,169.41%,2.198GiB / 4GiB
2026-09-27T09:18:24.948Z,ss2,134.48%,2.254GiB / 4GiB
2026-09-27T09:18:24.948Z,is-provider,0.54%,10.64MiB / 256MiB
2026-09-27T09:18:25.448Z,cs,1.02%,1.378GiB / 2GiB
2026-09-27T09:18:25.448Z,ss1,169.41%,2.198GiB / 4GiB
2026-09-27T09:18:25.448Z,ss2,134.48%,2.254GiB / 4GiB
2026-09-27T09:18:25.448Z,is-provider,0.54%,10.64MiB / 256MiB
2026-09-27T09:18:25.948Z,cs,2.02%,1.379GiB / 2GiB
2026-09-27T09:18:25.948Z,ss1,141.21%,2.199GiB / 4GiB
2026-09-27T09:18:25.948Z,ss2,151.78%,2.255GiB / 4GiB
2026-09-27T09:18:25.948Z,is-provider,6.43%,10.77MiB / 256MiB
2026-09-27T09:18:26.448Z,cs,2.02%,1.379GiB / 2GiB
2026-09-27T09:18:26.448Z,ss1,141.21%,2.199GiB / 4GiB
2026-09-27T09:18:26.448Z,ss2,151.78%,2.255GiB / 4GiB
2026-09-27T09:18:26.448Z,is-provider,6.43%,10.77MiB / 256MiB
2026-09-27T09:18:26.948Z,cs,1.27%,1.379GiB / 2GiB
2026-09-27T09:18:26.948Z,ss1,143.38%,2.199GiB / 4GiB
2026-09-27T09:18:26.948Z,ss2,152.90%,2.256GiB / 4GiB
2026-09-27T09:18:26.948Z,is-provider,0.74%,10.92MiB / 256MiB
2026-09-27T09:18:27.448Z,cs,1.27%,1.379GiB / 2GiB
2026-09-27T09:18:27.448Z,ss1,143.38%,2.199GiB / 4GiB
2026-09-27T09:18:27.448Z,ss2,152.90%,2.256GiB / 4GiB
2026-09-27T09:18:27.448Z,is-provider,0.74%,10.92MiB / 256MiB
2026-09-27T09:18:27.948Z,cs,1.22%,1.379GiB / 2GiB
2026-09-27T09:18:27.948Z,ss1,138.98%,2.2GiB / 4GiB
2026-09-27T09:18:27.948Z,ss2,118.86%,2.256GiB / 4GiB
2026-09-27T09:18:27.948Z,is-provider,0.59%,11.14MiB / 256MiB
2026-09-27T09:18:28.448Z,cs,1.22%,1.379GiB / 2GiB
2026-09-27T09:18:28.448Z,ss1,138.98%,2.2GiB / 4GiB
2026-09-27T09:18:28.448Z,ss2,118.86%,2.256GiB / 4GiB
2026-09-27T09:18:28.448Z,is-provider,0.59%,11.14MiB / 256MiB
2026-09-27T09:18:28.948Z,cs,1.27%,1.378GiB / 2GiB
2026-09-27T09:18:28.948Z,ss1,111.22%,2.201GiB / 4GiB
2026-09-27T09:18:28.948Z,ss2,120.60%,2.257GiB / 4GiB
2026-09-27T09:18:28.948Z,is-provider,0.76%,10.68MiB / 256MiB
2026-09-27T09:18:29.448Z,cs,1.27%,1.378GiB / 2GiB
2026-09-27T09:18:29.448Z,ss1,111.22%,2.201GiB / 4GiB
2026-09-27T09:18:29.448Z,ss2,120.60%,2.257GiB / 4GiB
2026-09-27T09:18:29.448Z,is-provider,0.76%,10.68MiB / 256MiB
2026-09-27T09:18:29.948Z,cs,1.16%,1.378GiB / 2GiB
2026-09-27T09:18:29.948Z,ss1,84.99%,2.201GiB / 4GiB
2026-09-27T09:18:29.948Z,ss2,113.46%,2.258GiB / 4GiB
2026-09-27T09:18:29.948Z,is-provider,0.59%,10.62MiB / 256MiB
2026-09-27T09:18:30.448Z,cs,1.16%,1.378GiB / 2GiB
2026-09-27T09:18:30.448Z,ss1,84.99%,2.201GiB / 4GiB
2026-09-27T09:18:30.448Z,ss2,113.46%,2.258GiB / 4GiB
2026-09-27T09:18:30.448Z,is-provider,0.59%,10.62MiB / 256MiB
2026-09-27T09:18:30.948Z,cs,1.32%,1.378GiB / 2GiB
2026-09-27T09:18:30.948Z,ss1,116.14%,2.202GiB / 4GiB
2026-09-27T09:18:30.948Z,ss2,98.32%,2.258GiB / 4GiB
2026-09-27T09:18:30.948Z,is-provider,4.79%,10.62MiB / 256MiB
2026-09-27T09:18:31.448Z,cs,1.32%,1.378GiB / 2GiB
2026-09-27T09:18:31.448Z,ss1,116.14%,2.202GiB / 4GiB
2026-09-27T09:18:31.448Z,ss2,98.32%,2.258GiB / 4GiB
2026-09-27T09:18:31.448Z,is-provider,4.79%,10.62MiB / 256MiB
2026-09-27T09:18:31.948Z,cs,5.96%,1.379GiB / 2GiB
2026-09-27T09:18:31.948Z,ss1,102.00%,2.203GiB / 4GiB
2026-09-27T09:18:31.948Z,ss2,133.27%,2.259GiB / 4GiB
2026-09-27T09:18:31.948Z,is-provider,0.58%,10.44MiB / 256MiB
2026-09-27T09:18:32.448Z,cs,5.96%,1.379GiB / 2GiB
2026-09-27T09:18:32.448Z,ss1,102.00%,2.203GiB / 4GiB
2026-09-27T09:18:32.448Z,ss2,133.27%,2.259GiB / 4GiB
2026-09-27T09:18:32.448Z,is-provider,0.58%,10.44MiB / 256MiB
2026-09-27T09:18:32.948Z,cs,132.39%,1.381GiB / 2GiB
2026-09-27T09:18:32.948Z,ss1,96.54%,2.203GiB / 4GiB
2026-09-27T09:18:32.948Z,ss2,159.52%,2.26GiB / 4GiB
2026-09-27T09:18:32.948Z,is-provider,0.55%,9.703MiB / 256MiB
2026-09-27T09:18:33.448Z,cs,132.39%,1.381GiB / 2GiB
2026-09-27T09:18:33.448Z,ss1,96.54%,2.203GiB / 4GiB
2026-09-27T09:18:33.448Z,ss2,159.52%,2.26GiB / 4GiB
2026-09-27T09:18:33.448Z,is-provider,0.55%,9.703MiB / 256MiB
2026-09-27T09:18:33.948Z,cs,20.47%,1.379GiB / 2GiB
2026-09-27T09:18:33.948Z,ss1,191.36%,2.204GiB / 4GiB
2026-09-27T09:18:33.948Z,ss2,124.61%,2.261GiB / 4GiB
2026-09-27T09:18:33.948Z,is-provider,0.96%,10.18MiB / 256MiB
2026-09-27T09:18:34.448Z,cs,20.47%,1.379GiB / 2GiB
2026-09-27T09:18:34.448Z,ss1,191.36%,2.204GiB / 4GiB
2026-09-27T09:18:34.448Z,ss2,124.61%,2.261GiB / 4GiB
2026-09-27T09:18:34.448Z,is-provider,0.96%,10.18MiB / 256MiB
2026-09-27T09:18:34.948Z,cs,1.15%,1.379GiB / 2GiB
2026-09-27T09:18:34.948Z,ss1,101.76%,2.205GiB / 4GiB
2026-09-27T09:18:34.948Z,ss2,168.67%,2.262GiB / 4GiB
2026-09-27T09:18:34.948Z,is-provider,0.47%,10.5MiB / 256MiB
2026-09-27T09:18:35.448Z,cs,1.15%,1.379GiB / 2GiB
2026-09-27T09:18:35.448Z,ss1,101.76%,2.205GiB / 4GiB
2026-09-27T09:18:35.448Z,ss2,168.67%,2.262GiB / 4GiB
2026-09-27T09:18:35.448Z,is-provider,0.47%,10.5MiB / 256MiB
2026-09-27T09:18:35.948Z,cs,1.02%,1.379GiB / 2GiB
2026-09-27T09:18:35.948Z,ss1,148.02%,2.205GiB / 4GiB
2026-09-27T09:18:35.948Z,ss2,111.68%,2.263GiB / 4GiB
2026-09-27T09:18:35.948Z,is-provider,4.87%,10.75MiB / 256MiB
2026-09-27T09:18:36.448Z,cs,1.02%,1.379GiB / 2GiB
2026-09-27T09:18:36.448Z,ss1,148.02%,2.205GiB / 4GiB
2026-09-27T09:18:36.448Z,ss2,111.68%,2.263GiB / 4GiB
2026-09-27T09:18:36.448Z,is-provider,4.87%,10.75MiB / 256MiB
2026-09-27T09:18:36.948Z,cs,1.04%,1.379GiB / 2GiB
2026-09-27T09:18:36.948Z,ss1,138.05%,2.206GiB / 4GiB
2026-09-27T09:18:36.948Z,ss2,111.88%,2.263GiB / 4GiB
2026-09-27T09:18:36.948Z,is-provider,0.68%,10.88MiB / 256MiB
2026-09-27T09:18:37.448Z,cs,1.04%,1.379GiB / 2GiB
2026-09-27T09:18:37.448Z,ss1,138.05%,2.206GiB / 4GiB
2026-09-27T09:18:37.448Z,ss2,111.88%,2.263GiB / 4GiB
2026-09-27T09:18:37.448Z,is-provider,0.68%,10.88MiB / 256MiB
2026-09-27T09:18:37.948Z,cs,1.10%,1.379GiB / 2GiB
2026-09-27T09:18:37.948Z,ss1,143.41%,2.207GiB / 4GiB
2026-09-27T09:18:37.948Z,ss2,127.64%,2.264GiB / 4GiB
2026-09-27T09:18:37.948Z,is-provider,0.74%,10.6MiB / 256MiB
2026-09-27T09:18:38.448Z,cs,1.10%,1.379GiB / 2GiB
2026-09-27T09:18:38.448Z,ss1,143.41%,2.207GiB / 4GiB
2026-09-27T09:18:38.448Z,ss2,127.64%,2.264GiB / 4GiB
2026-09-27T09:18:38.448Z,is-provider,0.74%,10.6MiB / 256MiB
2026-09-27T09:18:38.948Z,cs,1.17%,1.378GiB / 2GiB
2026-09-27T09:18:38.948Z,ss1,99.87%,2.208GiB / 4GiB
2026-09-27T09:18:38.948Z,ss2,85.93%,2.265GiB / 4GiB
2026-09-27T09:18:38.948Z,is-provider,0.48%,10.98MiB / 256MiB
2026-09-27T09:18:39.448Z,cs,1.17%,1.378GiB / 2GiB
2026-09-27T09:18:39.448Z,ss1,99.87%,2.208GiB / 4GiB
2026-09-27T09:18:39.448Z,ss2,85.93%,2.265GiB / 4GiB
2026-09-27T09:18:39.448Z,is-provider,0.48%,10.98MiB / 256MiB
2026-09-27T09:18:39.948Z,cs,0.99%,1.378GiB / 2GiB
2026-09-27T09:18:39.948Z,ss1,145.71%,2.208GiB / 4GiB
2026-09-27T09:18:39.948Z,ss2,115.47%,2.265GiB / 4GiB
2026-09-27T09:18:39.948Z,is-provider,0.44%,11.16MiB / 256MiB
2026-09-27T09:18:40.448Z,cs,0.99%,1.378GiB / 2GiB
2026-09-27T09:18:40.448Z,ss1,145.71%,2.208GiB / 4GiB
2026-09-27T09:18:40.448Z,ss2,115.47%,2.265GiB / 4GiB
2026-09-27T09:18:40.448Z,is-provider,0.44%,11.16MiB / 256MiB
2026-09-27T09:18:40.948Z,cs,1.17%,1.378GiB / 2GiB
2026-09-27T09:18:40.948Z,ss1,87.95%,2.209GiB / 4GiB
2026-09-27T09:18:40.948Z,ss2,130.99%,2.266GiB / 4GiB
2026-09-27T09:18:40.948Z,is-provider,5.84%,10.71MiB / 256MiB
2026-09-27T09:18:41.448Z,cs,1.17%,1.378GiB / 2GiB
2026-09-27T09:18:41.448Z,ss1,87.95%,2.209GiB / 4GiB
2026-09-27T09:18:41.448Z,ss2,130.99%,2.266GiB / 4GiB
2026-09-27T09:18:41.448Z,is-provider,5.84%,10.71MiB / 256MiB
2026-09-27T09:18:41.948Z,cs,9.24%,1.379GiB / 2GiB
2026-09-27T09:18:41.948Z,ss1,137.42%,2.21GiB / 4GiB
2026-09-27T09:18:41.948Z,ss2,139.03%,2.267GiB / 4GiB
2026-09-27T09:18:41.948Z,is-provider,1.38%,10.61MiB / 256MiB
2026-09-27T09:18:42.448Z,cs,9.24%,1.379GiB / 2GiB
2026-09-27T09:18:42.448Z,ss1,137.42%,2.21GiB / 4GiB
2026-09-27T09:18:42.448Z,ss2,139.03%,2.267GiB / 4GiB
2026-09-27T09:18:42.448Z,is-provider,1.38%,10.61MiB / 256MiB
2026-09-27T09:18:42.948Z,cs,9.24%,1.379GiB / 2GiB
2026-09-27T09:18:42.948Z,ss1,137.42%,2.21GiB / 4GiB
2026-09-27T09:18:42.948Z,ss2,139.03%,2.267GiB / 4GiB
2026-09-27T09:18:42.948Z,is-provider,1.38%,10.61MiB / 256MiB
2026-09-27T09:18:43.448Z,cs,64.17%,1.379GiB / 2GiB
2026-09-27T09:18:43.448Z,ss1,106.14%,2.21GiB / 4GiB
2026-09-27T09:18:43.448Z,ss2,109.93%,2.268GiB / 4GiB
2026-09-27T09:18:43.448Z,is-provider,0.50%,10.11MiB / 256MiB
2026-09-27T09:18:43.948Z,cs,64.17%,1.379GiB / 2GiB
2026-09-27T09:18:43.948Z,ss1,106.14%,2.21GiB / 4GiB
2026-09-27T09:18:43.948Z,ss2,109.93%,2.268GiB / 4GiB
2026-09-27T09:18:43.948Z,is-provider,0.50%,10.11MiB / 256MiB
2026-09-27T09:18:44.448Z,cs,1.26%,1.379GiB / 2GiB
2026-09-27T09:18:44.448Z,ss1,144.69%,2.21GiB / 4GiB
2026-09-27T09:18:44.448Z,ss2,159.40%,2.267GiB / 4GiB
2026-09-27T09:18:44.448Z,is-provider,0.65%,11.15MiB / 256MiB
2026-09-27T09:18:44.948Z,cs,1.26%,1.379GiB / 2GiB
2026-09-27T09:18:44.948Z,ss1,144.69%,2.21GiB / 4GiB
2026-09-27T09:18:44.948Z,ss2,159.40%,2.267GiB / 4GiB
2026-09-27T09:18:44.948Z,is-provider,0.65%,11.15MiB / 256MiB
2026-09-27T09:18:45.448Z,cs,1.15%,1.379GiB / 2GiB
2026-09-27T09:18:45.448Z,ss1,156.06%,2.21GiB / 4GiB
2026-09-27T09:18:45.448Z,ss2,142.00%,2.267GiB / 4GiB
2026-09-27T09:18:45.448Z,is-provider,0.54%,11.07MiB / 256MiB
2026-09-27T09:18:45.948Z,cs,1.15%,1.379GiB / 2GiB
2026-09-27T09:18:45.948Z,ss1,156.06%,2.21GiB / 4GiB
2026-09-27T09:18:45.948Z,ss2,142.00%,2.267GiB / 4GiB
2026-09-27T09:18:45.948Z,is-provider,0.54%,11.07MiB / 256MiB
2026-09-27T09:18:46.448Z,cs,1.05%,1.379GiB / 2GiB
2026-09-27T09:18:46.448Z,ss1,113.96%,2.211GiB / 4GiB
2026-09-27T09:18:46.448Z,ss2,114.16%,2.267GiB / 4GiB
2026-09-27T09:18:46.448Z,is-provider,4.22%,10.73MiB / 256MiB
2026-09-27T09:18:46.948Z,cs,1.05%,1.379GiB / 2GiB
2026-09-27T09:18:46.948Z,ss1,113.96%,2.211GiB / 4GiB
2026-09-27T09:18:46.948Z,ss2,114.16%,2.267GiB / 4GiB
2026-09-27T09:18:46.948Z,is-provider,4.22%,10.73MiB / 256MiB
2026-09-27T09:18:47.448Z,cs,1.10%,1.379GiB / 2GiB
2026-09-27T09:18:47.448Z,ss1,99.72%,2.211GiB / 4GiB
2026-09-27T09:18:47.448Z,ss2,136.04%,2.268GiB / 4GiB
2026-09-27T09:18:47.448Z,is-provider,0.64%,10.73MiB / 256MiB
2026-09-27T09:18:47.948Z,cs,1.10%,1.379GiB / 2GiB
2026-09-27T09:18:47.948Z,ss1,99.72%,2.211GiB / 4GiB
2026-09-27T09:18:47.948Z,ss2,136.04%,2.268GiB / 4GiB
2026-09-27T09:18:47.948Z,is-provider,0.64%,10.73MiB / 256MiB
2026-09-27T09:18:48.448Z,cs,4.25%,1.379GiB / 2GiB
2026-09-27T09:18:48.448Z,ss1,160.37%,2.211GiB / 4GiB
2026-09-27T09:18:48.448Z,ss2,98.88%,2.268GiB / 4GiB
2026-09-27T09:18:48.448Z,is-provider,0.54%,11.13MiB / 256MiB
2026-09-27T09:18:48.948Z,cs,4.25%,1.379GiB / 2GiB
2026-09-27T09:18:48.948Z,ss1,160.37%,2.211GiB / 4GiB
2026-09-27T09:18:48.948Z,ss2,98.88%,2.268GiB / 4GiB
2026-09-27T09:18:48.948Z,is-provider,0.54%,11.13MiB / 256MiB
2026-09-27T09:18:49.448Z,cs,1.46%,1.379GiB / 2GiB
2026-09-27T09:18:49.448Z,ss1,109.63%,2.211GiB / 4GiB
2026-09-27T09:18:49.448Z,ss2,136.00%,2.268GiB / 4GiB
2026-09-27T09:18:49.448Z,is-provider,0.61%,10.7MiB / 256MiB
2026-09-27T09:18:49.948Z,cs,1.46%,1.379GiB / 2GiB
2026-09-27T09:18:49.948Z,ss1,109.63%,2.211GiB / 4GiB
2026-09-27T09:18:49.948Z,ss2,136.00%,2.268GiB / 4GiB
2026-09-27T09:18:49.948Z,is-provider,0.61%,10.7MiB / 256MiB
2026-09-27T09:18:50.449Z,cs,1.13%,1.379GiB / 2GiB
2026-09-27T09:18:50.449Z,ss1,87.71%,2.211GiB / 4GiB
2026-09-27T09:18:50.449Z,ss2,98.53%,2.268GiB / 4GiB
2026-09-27T09:18:50.449Z,is-provider,0.61%,10.89MiB / 256MiB
2026-09-27T09:18:50.948Z,cs,1.13%,1.379GiB / 2GiB
2026-09-27T09:18:50.948Z,ss1,87.71%,2.211GiB / 4GiB
2026-09-27T09:18:50.948Z,ss2,98.53%,2.268GiB / 4GiB
2026-09-27T09:18:50.948Z,is-provider,0.61%,10.89MiB / 256MiB
2026-09-27T09:18:51.448Z,cs,1.11%,1.379GiB / 2GiB
2026-09-27T09:18:51.448Z,ss1,89.30%,2.211GiB / 4GiB
2026-09-27T09:18:51.448Z,ss2,128.86%,2.268GiB / 4GiB
2026-09-27T09:18:51.448Z,is-provider,5.45%,10.77MiB / 256MiB
2026-09-27T09:18:51.948Z,cs,1.11%,1.379GiB / 2GiB
2026-09-27T09:18:51.948Z,ss1,89.30%,2.211GiB / 4GiB
2026-09-27T09:18:51.948Z,ss2,128.86%,2.268GiB / 4GiB
2026-09-27T09:18:51.948Z,is-provider,5.45%,10.77MiB / 256MiB
2026-09-27T09:18:52.448Z,cs,24.64%,1.379GiB / 2GiB
2026-09-27T09:18:52.448Z,ss1,105.76%,2.211GiB / 4GiB
2026-09-27T09:18:52.448Z,ss2,97.38%,2.269GiB / 4GiB
2026-09-27T09:18:52.448Z,is-provider,0.58%,10.28MiB / 256MiB
2026-09-27T09:18:52.948Z,cs,24.64%,1.379GiB / 2GiB
2026-09-27T09:18:52.948Z,ss1,105.76%,2.211GiB / 4GiB
2026-09-27T09:18:52.948Z,ss2,97.38%,2.269GiB / 4GiB
2026-09-27T09:18:52.948Z,is-provider,0.58%,10.28MiB / 256MiB
2026-09-27T09:18:53.448Z,cs,116.50%,1.379GiB / 2GiB
2026-09-27T09:18:53.448Z,ss1,111.62%,2.211GiB / 4GiB
2026-09-27T09:18:53.448Z,ss2,87.62%,2.268GiB / 4GiB
2026-09-27T09:18:53.448Z,is-provider,0.65%,10.2MiB / 256MiB
2026-09-27T09:18:53.948Z,cs,116.50%,1.379GiB / 2GiB
2026-09-27T09:18:53.948Z,ss1,111.62%,2.211GiB / 4GiB
2026-09-27T09:18:53.948Z,ss2,87.62%,2.268GiB / 4GiB
2026-09-27T09:18:53.948Z,is-provider,0.65%,10.2MiB / 256MiB
2026-09-27T09:18:54.448Z,cs,2.41%,1.379GiB / 2GiB
2026-09-27T09:18:54.448Z,ss1,130.85%,2.211GiB / 4GiB
2026-09-27T09:18:54.448Z,ss2,152.76%,2.274GiB / 4GiB
2026-09-27T09:18:54.448Z,is-provider,0.59%,10.85MiB / 256MiB
2026-09-27T09:18:54.948Z,cs,2.41%,1.379GiB / 2GiB
2026-09-27T09:18:54.948Z,ss1,130.85%,2.211GiB / 4GiB
2026-09-27T09:18:54.948Z,ss2,152.76%,2.274GiB / 4GiB
2026-09-27T09:18:54.948Z,is-provider,0.59%,10.85MiB / 256MiB
2026-09-27T09:18:55.448Z,cs,1.49%,1.379GiB / 2GiB
2026-09-27T09:18:55.448Z,ss1,165.14%,2.216GiB / 4GiB
2026-09-27T09:18:55.448Z,ss2,160.55%,2.277GiB / 4GiB
2026-09-27T09:18:55.448Z,is-provider,0.54%,10.82MiB / 256MiB
2026-09-27T09:18:55.948Z,cs,1.49%,1.379GiB / 2GiB
2026-09-27T09:18:55.948Z,ss1,165.14%,2.216GiB / 4GiB
2026-09-27T09:18:55.948Z,ss2,160.55%,2.277GiB / 4GiB
2026-09-27T09:18:55.948Z,is-provider,0.54%,10.82MiB / 256MiB
2026-09-27T09:18:56.448Z,cs,1.30%,1.379GiB / 2GiB
2026-09-27T09:18:56.448Z,ss1,116.87%,2.213GiB / 4GiB
2026-09-27T09:18:56.448Z,ss2,108.76%,2.27GiB / 4GiB
2026-09-27T09:18:56.448Z,is-provider,4.80%,10.68MiB / 256MiB
2026-09-27T09:18:56.948Z,cs,1.30%,1.379GiB / 2GiB
2026-09-27T09:18:56.948Z,ss1,116.87%,2.213GiB / 4GiB
2026-09-27T09:18:56.948Z,ss2,108.76%,2.27GiB / 4GiB
2026-09-27T09:18:56.948Z,is-provider,4.80%,10.68MiB / 256MiB
2026-09-27T09:18:57.448Z,cs,1.29%,1.378GiB / 2GiB
2026-09-27T09:18:57.448Z,ss1,105.24%,2.213GiB / 4GiB
2026-09-27T09:18:57.448Z,ss2,122.85%,2.27GiB / 4GiB
2026-09-27T09:18:57.448Z,is-provider,0.68%,10.91MiB / 256MiB
2026-09-27T09:18:57.948Z,cs,1.29%,1.378GiB / 2GiB
2026-09-27T09:18:57.948Z,ss1,105.24%,2.213GiB / 4GiB
2026-09-27T09:18:57.948Z,ss2,122.85%,2.27GiB / 4GiB
2026-09-27T09:18:57.948Z,is-provider,0.68%,10.91MiB / 256MiB
2026-09-27T09:18:58.448Z,cs,1.26%,1.378GiB / 2GiB
2026-09-27T09:18:58.448Z,ss1,150.71%,2.213GiB / 4GiB
2026-09-27T09:18:58.448Z,ss2,109.91%,2.27GiB / 4GiB
2026-09-27T09:18:58.448Z,is-provider,0.38%,11.04MiB / 256MiB
2026-09-27T09:18:58.948Z,cs,1.26%,1.378GiB / 2GiB
2026-09-27T09:18:58.948Z,ss1,150.71%,2.213GiB / 4GiB
2026-09-27T09:18:58.948Z,ss2,109.91%,2.27GiB / 4GiB
2026-09-27T09:18:58.948Z,is-provider,0.38%,11.04MiB / 256MiB
2026-09-27T09:18:59.448Z,cs,1.50%,1.378GiB / 2GiB
2026-09-27T09:18:59.448Z,ss1,121.03%,2.213GiB / 4GiB
2026-09-27T09:18:59.448Z,ss2,117.44%,2.27GiB / 4GiB
2026-09-27T09:18:59.448Z,is-provider,0.66%,10.94MiB / 256MiB
2026-09-27T09:18:59.948Z,cs,1.50%,1.378GiB / 2GiB
2026-09-27T09:18:59.948Z,ss1,121.03%,2.213GiB / 4GiB
2026-09-27T09:18:59.948Z,ss2,117.44%,2.27GiB / 4GiB
2026-09-27T09:18:59.948Z,is-provider,0.66%,10.94MiB / 256MiB
2026-09-27T09:19:00.448Z,cs,1.47%,1.379GiB / 2GiB
2026-09-27T09:19:00.448Z,ss1,110.64%,2.213GiB / 4GiB
2026-09-27T09:19:00.448Z,ss2,164.88%,2.27GiB / 4GiB
2026-09-27T09:19:00.448Z,is-provider,0.58%,11.13MiB / 256MiB
2026-09-27T09:19:00.948Z,cs,1.47%,1.379GiB / 2GiB
2026-09-27T09:19:00.948Z,ss1,110.64%,2.213GiB / 4GiB
2026-09-27T09:19:00.948Z,ss2,164.88%,2.27GiB / 4GiB
2026-09-27T09:19:00.948Z,is-provider,0.58%,11.13MiB / 256MiB
2026-09-27T09:19:01.448Z,cs,5.77%,1.38GiB / 2GiB
2026-09-27T09:19:01.448Z,ss1,83.33%,2.213GiB / 4GiB
2026-09-27T09:19:01.448Z,ss2,132.02%,2.27GiB / 4GiB
2026-09-27T09:19:01.448Z,is-provider,5.99%,11.14MiB / 256MiB
2026-09-27T09:19:01.948Z,cs,5.77%,1.38GiB / 2GiB
2026-09-27T09:19:01.948Z,ss1,83.33%,2.213GiB / 4GiB
2026-09-27T09:19:01.948Z,ss2,132.02%,2.27GiB / 4GiB
2026-09-27T09:19:01.948Z,is-provider,5.99%,11.14MiB / 256MiB
2026-09-27T09:19:02.449Z,cs,69.94%,1.381GiB / 2GiB
2026-09-27T09:19:02.449Z,ss1,132.91%,2.213GiB / 4GiB
2026-09-27T09:19:02.449Z,ss2,132.02%,2.27GiB / 4GiB
2026-09-27T09:19:02.449Z,is-provider,5.99%,11.14MiB / 256MiB
2026-09-27T09:19:02.948Z,cs,69.94%,1.381GiB / 2GiB
2026-09-27T09:19:02.948Z,ss1,132.91%,2.213GiB / 4GiB
2026-09-27T09:19:02.948Z,ss2,175.77%,2.27GiB / 4GiB
2026-09-27T09:19:02.948Z,is-provider,1.30%,10.53MiB / 256MiB
2026-09-27T09:19:03.448Z,cs,69.94%,1.381GiB / 2GiB
2026-09-27T09:19:03.448Z,ss1,132.91%,2.213GiB / 4GiB
2026-09-27T09:19:03.448Z,ss2,175.77%,2.27GiB / 4GiB
2026-09-27T09:19:03.448Z,is-provider,1.30%,10.53MiB / 256MiB
2026-09-27T09:19:03.948Z,cs,26.30%,1.379GiB / 2GiB
2026-09-27T09:19:03.948Z,ss1,180.89%,2.213GiB / 4GiB
2026-09-27T09:19:03.948Z,ss2,156.68%,2.27GiB / 4GiB
2026-09-27T09:19:03.948Z,is-provider,0.61%,10.73MiB / 256MiB
2026-09-27T09:19:04.447Z,cs,26.30%,1.379GiB / 2GiB
2026-09-27T09:19:04.447Z,ss1,180.89%,2.213GiB / 4GiB
2026-09-27T09:19:04.447Z,ss2,156.68%,2.27GiB / 4GiB
2026-09-27T09:19:04.447Z,is-provider,0.61%,10.73MiB / 256MiB
2026-09-27T09:19:04.948Z,cs,1.07%,1.379GiB / 2GiB
2026-09-27T09:19:04.948Z,ss1,165.08%,2.214GiB / 4GiB
2026-09-27T09:19:04.948Z,ss2,153.14%,2.27GiB / 4GiB
2026-09-27T09:19:04.948Z,is-provider,0.56%,10.24MiB / 256MiB
2026-09-27T09:19:05.448Z,cs,1.07%,1.379GiB / 2GiB
2026-09-27T09:19:05.448Z,ss1,165.08%,2.214GiB / 4GiB
2026-09-27T09:19:05.448Z,ss2,153.14%,2.27GiB / 4GiB
2026-09-27T09:19:05.448Z,is-provider,0.56%,10.24MiB / 256MiB
2026-09-27T09:19:05.948Z,cs,1.57%,1.379GiB / 2GiB
2026-09-27T09:19:05.948Z,ss1,96.72%,2.213GiB / 4GiB
2026-09-27T09:19:05.948Z,ss2,104.04%,2.271GiB / 4GiB
2026-09-27T09:19:05.948Z,is-provider,0.60%,11.14MiB / 256MiB
2026-09-27T09:19:06.448Z,cs,1.57%,1.379GiB / 2GiB
2026-09-27T09:19:06.448Z,ss1,96.72%,2.213GiB / 4GiB
2026-09-27T09:19:06.448Z,ss2,104.04%,2.271GiB / 4GiB
2026-09-27T09:19:06.448Z,is-provider,0.60%,11.14MiB / 256MiB
2026-09-27T09:19:06.948Z,cs,1.00%,1.379GiB / 2GiB
2026-09-27T09:19:06.948Z,ss1,109.08%,2.214GiB / 4GiB
2026-09-27T09:19:06.948Z,ss2,121.74%,2.271GiB / 4GiB
2026-09-27T09:19:06.948Z,is-provider,6.95%,10.59MiB / 256MiB
2026-09-27T09:19:07.448Z,cs,1.00%,1.379GiB / 2GiB
2026-09-27T09:19:07.448Z,ss1,109.08%,2.214GiB / 4GiB
2026-09-27T09:19:07.448Z,ss2,121.74%,2.271GiB / 4GiB
2026-09-27T09:19:07.448Z,is-provider,6.95%,10.59MiB / 256MiB
2026-09-27T09:19:07.948Z,cs,1.24%,1.378GiB / 2GiB
2026-09-27T09:19:07.948Z,ss1,117.35%,2.215GiB / 4GiB
2026-09-27T09:19:07.948Z,ss2,162.77%,2.271GiB / 4GiB
2026-09-27T09:19:07.948Z,is-provider,0.69%,10.76MiB / 256MiB
2026-09-27T09:19:08.448Z,cs,1.24%,1.378GiB / 2GiB
2026-09-27T09:19:08.448Z,ss1,117.35%,2.215GiB / 4GiB
2026-09-27T09:19:08.448Z,ss2,162.77%,2.271GiB / 4GiB
2026-09-27T09:19:08.448Z,is-provider,0.69%,10.76MiB / 256MiB
2026-09-27T09:19:08.948Z,cs,1.13%,1.378GiB / 2GiB
2026-09-27T09:19:08.948Z,ss1,158.02%,2.215GiB / 4GiB
2026-09-27T09:19:08.948Z,ss2,162.29%,2.271GiB / 4GiB
2026-09-27T09:19:08.948Z,is-provider,0.70%,10.68MiB / 256MiB
2026-09-27T09:19:09.448Z,cs,1.13%,1.378GiB / 2GiB
2026-09-27T09:19:09.448Z,ss1,158.02%,2.215GiB / 4GiB
2026-09-27T09:19:09.448Z,ss2,162.29%,2.271GiB / 4GiB
2026-09-27T09:19:09.448Z,is-provider,0.70%,10.68MiB / 256MiB
2026-09-27T09:19:09.948Z,cs,1.08%,1.378GiB / 2GiB
2026-09-27T09:19:09.948Z,ss1,143.50%,2.214GiB / 4GiB
2026-09-27T09:19:09.948Z,ss2,95.75%,2.271GiB / 4GiB
2026-09-27T09:19:09.948Z,is-provider,0.48%,10.86MiB / 256MiB
2026-09-27T09:19:10.448Z,cs,1.08%,1.378GiB / 2GiB
2026-09-27T09:19:10.448Z,ss1,143.50%,2.214GiB / 4GiB
2026-09-27T09:19:10.448Z,ss2,95.75%,2.271GiB / 4GiB
2026-09-27T09:19:10.448Z,is-provider,0.48%,10.86MiB / 256MiB
2026-09-27T09:19:10.948Z,cs,1.26%,1.378GiB / 2GiB
2026-09-27T09:19:10.948Z,ss1,140.14%,2.215GiB / 4GiB
2026-09-27T09:19:10.948Z,ss2,109.23%,2.272GiB / 4GiB
2026-09-27T09:19:10.948Z,is-provider,0.55%,10.8MiB / 256MiB
2026-09-27T09:19:11.448Z,cs,1.26%,1.378GiB / 2GiB
2026-09-27T09:19:11.448Z,ss1,140.14%,2.215GiB / 4GiB
2026-09-27T09:19:11.448Z,ss2,109.23%,2.272GiB / 4GiB
2026-09-27T09:19:11.448Z,is-provider,0.55%,10.8MiB / 256MiB
2026-09-27T09:19:11.948Z,cs,5.68%,1.379GiB / 2GiB
2026-09-27T09:19:11.948Z,ss1,100.64%,2.215GiB / 4GiB
2026-09-27T09:19:11.948Z,ss2,97.83%,2.271GiB / 4GiB
2026-09-27T09:19:11.948Z,is-provider,5.09%,10.86MiB / 256MiB
2026-09-27T09:19:12.448Z,cs,5.68%,1.379GiB / 2GiB
2026-09-27T09:19:12.448Z,ss1,100.64%,2.215GiB / 4GiB
2026-09-27T09:19:12.448Z,ss2,97.83%,2.271GiB / 4GiB
2026-09-27T09:19:12.448Z,is-provider,5.09%,10.86MiB / 256MiB
2026-09-27T09:19:12.948Z,cs,48.87%,1.38GiB / 2GiB
2026-09-27T09:19:12.948Z,ss1,86.54%,2.215GiB / 4GiB
2026-09-27T09:19:12.948Z,ss2,86.15%,2.272GiB / 4GiB
2026-09-27T09:19:12.948Z,is-provider,0.53%,10.14MiB / 256MiB
2026-09-27T09:19:13.448Z,cs,48.87%,1.38GiB / 2GiB
2026-09-27T09:19:13.448Z,ss1,86.54%,2.215GiB / 4GiB
2026-09-27T09:19:13.448Z,ss2,86.15%,2.272GiB / 4GiB
2026-09-27T09:19:13.448Z,is-provider,0.53%,10.14MiB / 256MiB
2026-09-27T09:19:13.948Z,cs,3.02%,1.38GiB / 2GiB
2026-09-27T09:19:13.948Z,ss1,149.59%,2.215GiB / 4GiB
2026-09-27T09:19:13.948Z,ss2,118.87%,2.272GiB / 4GiB
2026-09-27T09:19:13.948Z,is-provider,0.72%,10.12MiB / 256MiB
2026-09-27T09:19:14.448Z,cs,3.02%,1.38GiB / 2GiB
2026-09-27T09:19:14.448Z,ss1,149.59%,2.215GiB / 4GiB
2026-09-27T09:19:14.448Z,ss2,118.87%,2.272GiB / 4GiB
2026-09-27T09:19:14.448Z,is-provider,0.72%,10.12MiB / 256MiB
2026-09-27T09:19:14.948Z,cs,0.89%,1.38GiB / 2GiB
2026-09-27T09:19:14.948Z,ss1,88.04%,2.214GiB / 4GiB
2026-09-27T09:19:14.948Z,ss2,83.54%,2.272GiB / 4GiB
2026-09-27T09:19:14.948Z,is-provider,0.62%,10.73MiB / 256MiB
2026-09-27T09:19:15.448Z,cs,0.89%,1.38GiB / 2GiB
2026-09-27T09:19:15.448Z,ss1,88.04%,2.214GiB / 4GiB
2026-09-27T09:19:15.448Z,ss2,83.54%,2.272GiB / 4GiB
2026-09-27T09:19:15.448Z,is-provider,0.62%,10.73MiB / 256MiB
2026-09-27T09:19:15.948Z,cs,0.97%,1.379GiB / 2GiB
2026-09-27T09:19:15.948Z,ss1,87.34%,2.214GiB / 4GiB
2026-09-27T09:19:15.948Z,ss2,135.65%,2.271GiB / 4GiB
2026-09-27T09:19:15.948Z,is-provider,0.60%,10.76MiB / 256MiB
2026-09-27T09:19:16.448Z,cs,0.97%,1.379GiB / 2GiB
2026-09-27T09:19:16.448Z,ss1,87.34%,2.214GiB / 4GiB
2026-09-27T09:19:16.448Z,ss2,135.65%,2.271GiB / 4GiB
2026-09-27T09:19:16.448Z,is-provider,0.60%,10.76MiB / 256MiB
2026-09-27T09:19:16.948Z,cs,0.89%,1.379GiB / 2GiB
2026-09-27T09:19:16.948Z,ss1,120.92%,2.215GiB / 4GiB
2026-09-27T09:19:16.948Z,ss2,86.44%,2.272GiB / 4GiB
2026-09-27T09:19:16.948Z,is-provider,4.73%,11.08MiB / 256MiB
2026-09-27T09:19:17.448Z,cs,0.89%,1.379GiB / 2GiB
2026-09-27T09:19:17.448Z,ss1,120.92%,2.215GiB / 4GiB
2026-09-27T09:19:17.448Z,ss2,86.44%,2.272GiB / 4GiB
2026-09-27T09:19:17.448Z,is-provider,4.73%,11.08MiB / 256MiB
2026-09-27T09:19:17.948Z,cs,0.96%,1.379GiB / 2GiB
2026-09-27T09:19:17.948Z,ss1,98.92%,2.215GiB / 4GiB
2026-09-27T09:19:17.948Z,ss2,79.59%,2.272GiB / 4GiB
2026-09-27T09:19:17.948Z,is-provider,0.56%,10.17MiB / 256MiB
2026-09-27T09:19:18.448Z,cs,0.96%,1.379GiB / 2GiB
2026-09-27T09:19:18.448Z,ss1,98.92%,2.215GiB / 4GiB
2026-09-27T09:19:18.448Z,ss2,79.59%,2.272GiB / 4GiB
2026-09-27T09:19:18.448Z,is-provider,0.56%,10.17MiB / 256MiB
2026-09-27T09:19:18.948Z,cs,0.96%,1.379GiB / 2GiB
2026-09-27T09:19:18.948Z,ss1,110.68%,2.215GiB / 4GiB
2026-09-27T09:19:18.948Z,ss2,132.63%,2.272GiB / 4GiB
2026-09-27T09:19:18.948Z,is-provider,0.52%,10.39MiB / 256MiB
2026-09-27T09:19:19.448Z,cs,0.96%,1.379GiB / 2GiB
2026-09-27T09:19:19.448Z,ss1,110.68%,2.215GiB / 4GiB
2026-09-27T09:19:19.448Z,ss2,132.63%,2.272GiB / 4GiB
2026-09-27T09:19:19.448Z,is-provider,0.52%,10.39MiB / 256MiB
2026-09-27T09:19:19.948Z,cs,0.93%,1.379GiB / 2GiB
2026-09-27T09:19:19.948Z,ss1,140.95%,2.215GiB / 4GiB
2026-09-27T09:19:19.948Z,ss2,108.58%,2.271GiB / 4GiB
2026-09-27T09:19:19.948Z,is-provider,0.69%,11.27MiB / 256MiB
2026-09-27T09:19:20.448Z,cs,0.93%,1.379GiB / 2GiB
2026-09-27T09:19:20.448Z,ss1,140.95%,2.215GiB / 4GiB
2026-09-27T09:19:20.448Z,ss2,108.58%,2.271GiB / 4GiB
2026-09-27T09:19:20.448Z,is-provider,0.69%,11.27MiB / 256MiB
2026-09-27T09:19:20.948Z,cs,1.13%,1.378GiB / 2GiB
2026-09-27T09:19:20.948Z,ss1,128.93%,2.215GiB / 4GiB
2026-09-27T09:19:20.948Z,ss2,120.88%,2.272GiB / 4GiB
2026-09-27T09:19:20.948Z,is-provider,0.60%,10.77MiB / 256MiB
2026-09-27T09:19:21.448Z,cs,1.13%,1.378GiB / 2GiB
2026-09-27T09:19:21.448Z,ss1,128.93%,2.215GiB / 4GiB
2026-09-27T09:19:21.448Z,ss2,120.88%,2.272GiB / 4GiB
2026-09-27T09:19:21.448Z,is-provider,0.60%,10.77MiB / 256MiB
2026-09-27T09:19:21.948Z,cs,5.62%,1.38GiB / 2GiB
2026-09-27T09:19:21.948Z,ss1,95.26%,2.215GiB / 4GiB
2026-09-27T09:19:21.948Z,ss2,83.84%,2.272GiB / 4GiB
2026-09-27T09:19:21.948Z,is-provider,4.38%,10.33MiB / 256MiB
2026-09-27T09:19:22.448Z,cs,5.62%,1.38GiB / 2GiB
2026-09-27T09:19:22.448Z,ss1,95.26%,2.215GiB / 4GiB
2026-09-27T09:19:22.448Z,ss2,83.84%,2.272GiB / 4GiB
2026-09-27T09:19:22.448Z,is-provider,4.38%,10.33MiB / 256MiB
2026-09-27T09:19:22.948Z,cs,78.30%,1.38GiB / 2GiB
2026-09-27T09:19:22.948Z,ss1,108.83%,2.216GiB / 4GiB
2026-09-27T09:19:22.948Z,ss2,82.18%,2.272GiB / 4GiB
2026-09-27T09:19:22.948Z,is-provider,0.62%,10.78MiB / 256MiB
2026-09-27T09:19:23.448Z,cs,78.30%,1.38GiB / 2GiB
2026-09-27T09:19:23.448Z,ss1,108.83%,2.216GiB / 4GiB
2026-09-27T09:19:23.448Z,ss2,82.18%,2.272GiB / 4GiB
2026-09-27T09:19:23.448Z,is-provider,0.62%,10.78MiB / 256MiB
2026-09-27T09:19:23.948Z,cs,2.35%,1.379GiB / 2GiB
2026-09-27T09:19:23.948Z,ss1,89.82%,2.215GiB / 4GiB
2026-09-27T09:19:23.948Z,ss2,100.33%,2.272GiB / 4GiB
2026-09-27T09:19:23.948Z,is-provider,0.56%,10.76MiB / 256MiB
2026-09-27T09:19:24.448Z,cs,2.35%,1.379GiB / 2GiB
2026-09-27T09:19:24.448Z,ss1,89.82%,2.215GiB / 4GiB
2026-09-27T09:19:24.448Z,ss2,100.33%,2.272GiB / 4GiB
2026-09-27T09:19:24.448Z,is-provider,0.56%,10.76MiB / 256MiB
2026-09-27T09:19:24.947Z,cs,2.35%,1.379GiB / 2GiB
2026-09-27T09:19:24.947Z,ss1,86.33%,2.215GiB / 4GiB
2026-09-27T09:19:24.947Z,ss2,85.86%,2.272GiB / 4GiB
2026-09-27T09:19:24.947Z,is-provider,0.58%,11.4MiB / 256MiB
2026-09-27T09:19:25.448Z,cs,1.01%,1.379GiB / 2GiB
2026-09-27T09:19:25.448Z,ss1,86.33%,2.215GiB / 4GiB
2026-09-27T09:19:25.448Z,ss2,85.86%,2.272GiB / 4GiB
2026-09-27T09:19:25.448Z,is-provider,0.58%,11.4MiB / 256MiB
2026-09-27T09:19:25.948Z,cs,1.01%,1.379GiB / 2GiB
2026-09-27T09:19:25.948Z,ss1,86.33%,2.215GiB / 4GiB
2026-09-27T09:19:25.948Z,ss2,85.86%,2.272GiB / 4GiB
2026-09-27T09:19:25.948Z,is-provider,0.58%,11.4MiB / 256MiB
2026-09-27T09:19:26.448Z,cs,1.72%,1.379GiB / 2GiB
2026-09-27T09:19:26.448Z,ss1,90.16%,2.216GiB / 4GiB
2026-09-27T09:19:26.448Z,ss2,125.26%,2.272GiB / 4GiB
2026-09-27T09:19:26.448Z,is-provider,0.66%,11.4MiB / 256MiB
2026-09-27T09:19:26.948Z,cs,1.72%,1.379GiB / 2GiB
2026-09-27T09:19:26.948Z,ss1,90.16%,2.216GiB / 4GiB
2026-09-27T09:19:26.948Z,ss2,125.26%,2.272GiB / 4GiB
2026-09-27T09:19:26.948Z,is-provider,0.66%,11.4MiB / 256MiB
2026-09-27T09:19:27.448Z,cs,1.17%,1.379GiB / 2GiB
2026-09-27T09:19:27.448Z,ss1,94.54%,2.215GiB / 4GiB
2026-09-27T09:19:27.448Z,ss2,98.53%,2.272GiB / 4GiB
2026-09-27T09:19:27.448Z,is-provider,4.96%,11.51MiB / 256MiB
2026-09-27T09:19:27.948Z,cs,1.17%,1.379GiB / 2GiB
2026-09-27T09:19:27.948Z,ss1,94.54%,2.215GiB / 4GiB
2026-09-27T09:19:27.948Z,ss2,98.53%,2.272GiB / 4GiB
2026-09-27T09:19:27.948Z,is-provider,4.96%,11.51MiB / 256MiB
2026-09-27T09:19:28.448Z,cs,1.00%,1.379GiB / 2GiB
2026-09-27T09:19:28.448Z,ss1,119.16%,2.215GiB / 4GiB
2026-09-27T09:19:28.448Z,ss2,118.58%,2.272GiB / 4GiB
2026-09-27T09:19:28.448Z,is-provider,0.49%,11.2MiB / 256MiB
2026-09-27T09:19:28.948Z,cs,1.00%,1.379GiB / 2GiB
2026-09-27T09:19:28.948Z,ss1,119.16%,2.215GiB / 4GiB
2026-09-27T09:19:28.948Z,ss2,118.58%,2.272GiB / 4GiB
2026-09-27T09:19:28.948Z,is-provider,0.49%,11.2MiB / 256MiB
2026-09-27T09:19:29.448Z,cs,1.18%,1.379GiB / 2GiB
2026-09-27T09:19:29.448Z,ss1,129.98%,2.215GiB / 4GiB
2026-09-27T09:19:29.448Z,ss2,102.83%,2.272GiB / 4GiB
2026-09-27T09:19:29.448Z,is-provider,0.71%,11.33MiB / 256MiB
2026-09-27T09:19:29.948Z,cs,1.18%,1.379GiB / 2GiB
2026-09-27T09:19:29.948Z,ss1,129.98%,2.215GiB / 4GiB
2026-09-27T09:19:29.948Z,ss2,102.83%,2.272GiB / 4GiB
2026-09-27T09:19:29.948Z,is-provider,0.71%,11.33MiB / 256MiB
2026-09-27T09:19:30.448Z,cs,0.94%,1.379GiB / 2GiB
2026-09-27T09:19:30.448Z,ss1,144.22%,2.216GiB / 4GiB
2026-09-27T09:19:30.448Z,ss2,97.03%,2.272GiB / 4GiB
2026-09-27T09:19:30.448Z,is-provider,0.69%,11.18MiB / 256MiB
2026-09-27T09:19:30.948Z,cs,0.94%,1.379GiB / 2GiB
2026-09-27T09:19:30.948Z,ss1,144.22%,2.216GiB / 4GiB
2026-09-27T09:19:30.948Z,ss2,97.03%,2.272GiB / 4GiB
2026-09-27T09:19:30.948Z,is-provider,0.69%,11.18MiB / 256MiB
2026-09-27T09:19:31.448Z,cs,1.19%,1.379GiB / 2GiB
2026-09-27T09:19:31.448Z,ss1,101.20%,2.216GiB / 4GiB
2026-09-27T09:19:31.448Z,ss2,119.02%,2.272GiB / 4GiB
2026-09-27T09:19:31.448Z,is-provider,0.56%,11.35MiB / 256MiB
2026-09-27T09:19:31.948Z,cs,1.19%,1.379GiB / 2GiB
2026-09-27T09:19:31.948Z,ss1,101.20%,2.216GiB / 4GiB
2026-09-27T09:19:31.948Z,ss2,119.02%,2.272GiB / 4GiB
2026-09-27T09:19:31.948Z,is-provider,0.56%,11.35MiB / 256MiB
2026-09-27T09:19:32.448Z,cs,19.27%,1.38GiB / 2GiB
2026-09-27T09:19:32.448Z,ss1,140.93%,2.215GiB / 4GiB
2026-09-27T09:19:32.448Z,ss2,135.10%,2.273GiB / 4GiB
2026-09-27T09:19:32.448Z,is-provider,6.29%,10.14MiB / 256MiB
2026-09-27T09:19:32.948Z,cs,19.27%,1.38GiB / 2GiB
2026-09-27T09:19:32.948Z,ss1,140.93%,2.215GiB / 4GiB
2026-09-27T09:19:32.948Z,ss2,135.10%,2.273GiB / 4GiB
2026-09-27T09:19:32.948Z,is-provider,6.29%,10.14MiB / 256MiB
2026-09-27T09:19:33.448Z,cs,40.29%,1.38GiB / 2GiB
2026-09-27T09:19:33.448Z,ss1,141.53%,2.216GiB / 4GiB
2026-09-27T09:19:33.448Z,ss2,128.07%,2.273GiB / 4GiB
2026-09-27T09:19:33.448Z,is-provider,0.61%,11.04MiB / 256MiB
2026-09-27T09:19:33.948Z,cs,40.29%,1.38GiB / 2GiB
2026-09-27T09:19:33.948Z,ss1,141.53%,2.216GiB / 4GiB
2026-09-27T09:19:33.948Z,ss2,128.07%,2.273GiB / 4GiB
2026-09-27T09:19:33.948Z,is-provider,0.61%,11.04MiB / 256MiB
2026-09-27T09:19:34.448Z,cs,1.93%,1.379GiB / 2GiB
2026-09-27T09:19:34.448Z,ss1,88.64%,2.216GiB / 4GiB
2026-09-27T09:19:34.448Z,ss2,148.07%,2.273GiB / 4GiB
2026-09-27T09:19:34.448Z,is-provider,0.43%,10.83MiB / 256MiB
2026-09-27T09:19:34.948Z,cs,1.93%,1.379GiB / 2GiB
2026-09-27T09:19:34.948Z,ss1,88.64%,2.216GiB / 4GiB
2026-09-27T09:19:34.948Z,ss2,148.07%,2.273GiB / 4GiB
2026-09-27T09:19:34.948Z,is-provider,0.43%,10.83MiB / 256MiB
2026-09-27T09:19:35.448Z,cs,0.99%,1.379GiB / 2GiB
2026-09-27T09:19:35.448Z,ss1,101.61%,2.216GiB / 4GiB
2026-09-27T09:19:35.448Z,ss2,95.36%,2.274GiB / 4GiB
2026-09-27T09:19:35.448Z,is-provider,0.59%,10.87MiB / 256MiB
2026-09-27T09:19:35.948Z,cs,0.99%,1.379GiB / 2GiB
2026-09-27T09:19:35.948Z,ss1,101.61%,2.216GiB / 4GiB
2026-09-27T09:19:35.948Z,ss2,95.36%,2.274GiB / 4GiB
2026-09-27T09:19:35.948Z,is-provider,0.59%,10.87MiB / 256MiB
2026-09-27T09:19:36.448Z,cs,1.56%,1.379GiB / 2GiB
2026-09-27T09:19:36.448Z,ss1,126.50%,2.217GiB / 4GiB
2026-09-27T09:19:36.448Z,ss2,125.00%,2.273GiB / 4GiB
2026-09-27T09:19:36.448Z,is-provider,0.52%,10.84MiB / 256MiB
2026-09-27T09:19:36.948Z,cs,1.56%,1.379GiB / 2GiB
2026-09-27T09:19:36.948Z,ss1,126.50%,2.217GiB / 4GiB
2026-09-27T09:19:36.948Z,ss2,125.00%,2.273GiB / 4GiB
2026-09-27T09:19:36.948Z,is-provider,0.52%,10.84MiB / 256MiB
2026-09-27T09:19:37.448Z,cs,1.20%,1.379GiB / 2GiB
2026-09-27T09:19:37.448Z,ss1,119.06%,2.216GiB / 4GiB
2026-09-27T09:19:37.448Z,ss2,82.28%,2.273GiB / 4GiB
2026-09-27T09:19:37.448Z,is-provider,4.62%,10.93MiB / 256MiB
2026-09-27T09:19:37.948Z,cs,1.20%,1.379GiB / 2GiB
2026-09-27T09:19:37.948Z,ss1,119.06%,2.216GiB / 4GiB
2026-09-27T09:19:37.948Z,ss2,82.28%,2.273GiB / 4GiB
2026-09-27T09:19:37.948Z,is-provider,4.62%,10.93MiB / 256MiB
2026-09-27T09:19:38.448Z,cs,1.53%,1.379GiB / 2GiB
2026-09-27T09:19:38.448Z,ss1,145.69%,2.216GiB / 4GiB
2026-09-27T09:19:38.448Z,ss2,115.37%,2.273GiB / 4GiB
2026-09-27T09:19:38.448Z,is-provider,0.65%,11.56MiB / 256MiB
2026-09-27T09:19:38.948Z,cs,1.53%,1.379GiB / 2GiB
2026-09-27T09:19:38.948Z,ss1,145.69%,2.216GiB / 4GiB
2026-09-27T09:19:38.948Z,ss2,115.37%,2.273GiB / 4GiB
2026-09-27T09:19:38.948Z,is-provider,0.65%,11.56MiB / 256MiB
2026-09-27T09:19:39.448Z,cs,1.87%,1.379GiB / 2GiB
2026-09-27T09:19:39.448Z,ss1,144.83%,2.216GiB / 4GiB
2026-09-27T09:19:39.448Z,ss2,115.06%,2.273GiB / 4GiB
2026-09-27T09:19:39.448Z,is-provider,0.58%,11.27MiB / 256MiB
2026-09-27T09:19:39.948Z,cs,1.87%,1.379GiB / 2GiB
2026-09-27T09:19:39.948Z,ss1,144.83%,2.216GiB / 4GiB
2026-09-27T09:19:39.948Z,ss2,115.06%,2.273GiB / 4GiB
2026-09-27T09:19:39.948Z,is-provider,0.58%,11.27MiB / 256MiB
2026-09-27T09:19:40.448Z,cs,1.02%,1.378GiB / 2GiB
2026-09-27T09:19:40.448Z,ss1,88.12%,2.217GiB / 4GiB
2026-09-27T09:19:40.448Z,ss2,90.91%,2.274GiB / 4GiB
2026-09-27T09:19:40.448Z,is-provider,0.47%,11.19MiB / 256MiB
2026-09-27T09:19:40.948Z,cs,1.02%,1.378GiB / 2GiB
2026-09-27T09:19:40.948Z,ss1,88.12%,2.217GiB / 4GiB
2026-09-27T09:19:40.948Z,ss2,90.91%,2.274GiB / 4GiB
2026-09-27T09:19:40.948Z,is-provider,0.47%,11.19MiB / 256MiB
2026-09-27T09:19:41.448Z,cs,1.29%,1.378GiB / 2GiB
2026-09-27T09:19:41.448Z,ss1,88.00%,2.216GiB / 4GiB
2026-09-27T09:19:41.448Z,ss2,119.04%,2.274GiB / 4GiB
2026-09-27T09:19:41.448Z,is-provider,0.51%,11.39MiB / 256MiB
2026-09-27T09:19:41.948Z,cs,1.29%,1.378GiB / 2GiB
2026-09-27T09:19:41.948Z,ss1,88.00%,2.216GiB / 4GiB
2026-09-27T09:19:41.948Z,ss2,119.04%,2.274GiB / 4GiB
2026-09-27T09:19:41.948Z,is-provider,0.51%,11.39MiB / 256MiB
2026-09-27T09:19:42.448Z,cs,50.67%,1.38GiB / 2GiB
2026-09-27T09:19:42.448Z,ss1,115.23%,2.216GiB / 4GiB
2026-09-27T09:19:42.448Z,ss2,132.24%,2.284GiB / 4GiB
2026-09-27T09:19:42.448Z,is-provider,5.85%,11MiB / 256MiB
2026-09-27T09:19:42.948Z,cs,50.67%,1.38GiB / 2GiB
2026-09-27T09:19:42.948Z,ss1,115.23%,2.216GiB / 4GiB
2026-09-27T09:19:42.948Z,ss2,132.24%,2.284GiB / 4GiB
2026-09-27T09:19:42.948Z,is-provider,5.85%,11MiB / 256MiB
2026-09-27T09:19:43.448Z,cs,13.08%,1.38GiB / 2GiB
2026-09-27T09:19:43.448Z,ss1,141.61%,2.217GiB / 4GiB
2026-09-27T09:19:43.448Z,ss2,201.11%,2.274GiB / 4GiB
2026-09-27T09:19:43.448Z,is-provider,0.41%,10.95MiB / 256MiB
2026-09-27T09:19:43.948Z,cs,13.08%,1.38GiB / 2GiB
2026-09-27T09:19:43.948Z,ss1,141.61%,2.217GiB / 4GiB
2026-09-27T09:19:43.948Z,ss2,201.11%,2.274GiB / 4GiB
2026-09-27T09:19:43.948Z,is-provider,0.41%,10.95MiB / 256MiB
2026-09-27T09:19:44.448Z,cs,1.01%,1.379GiB / 2GiB
2026-09-27T09:19:44.448Z,ss1,136.16%,2.218GiB / 4GiB
2026-09-27T09:19:44.448Z,ss2,129.03%,2.274GiB / 4GiB
2026-09-27T09:19:44.448Z,is-provider,0.70%,10.61MiB / 256MiB
2026-09-27T09:19:44.948Z,cs,1.01%,1.379GiB / 2GiB
2026-09-27T09:19:44.948Z,ss1,136.16%,2.218GiB / 4GiB
2026-09-27T09:19:44.948Z,ss2,129.03%,2.274GiB / 4GiB
2026-09-27T09:19:44.948Z,is-provider,0.70%,10.61MiB / 256MiB
2026-09-27T09:19:45.449Z,cs,1.15%,1.379GiB / 2GiB
2026-09-27T09:19:45.449Z,ss1,182.63%,2.218GiB / 4GiB
2026-09-27T09:19:45.449Z,ss2,140.69%,2.275GiB / 4GiB
2026-09-27T09:19:45.449Z,is-provider,0.59%,10.78MiB / 256MiB
2026-09-27T09:19:45.949Z,cs,1.15%,1.379GiB / 2GiB
2026-09-27T09:19:45.949Z,ss1,182.63%,2.218GiB / 4GiB
2026-09-27T09:19:45.949Z,ss2,140.69%,2.275GiB / 4GiB
2026-09-27T09:19:45.949Z,is-provider,0.59%,10.78MiB / 256MiB
2026-09-27T09:19:46.448Z,cs,1.16%,1.379GiB / 2GiB
2026-09-27T09:19:46.448Z,ss1,157.83%,2.218GiB / 4GiB
2026-09-27T09:19:46.448Z,ss2,181.41%,2.274GiB / 4GiB
2026-09-27T09:19:46.448Z,is-provider,0.66%,11.01MiB / 256MiB
2026-09-27T09:19:46.948Z,cs,1.16%,1.379GiB / 2GiB
2026-09-27T09:19:46.948Z,ss1,157.83%,2.218GiB / 4GiB
2026-09-27T09:19:46.948Z,ss2,181.41%,2.274GiB / 4GiB
2026-09-27T09:19:46.948Z,is-provider,0.66%,11.01MiB / 256MiB
2026-09-27T09:19:47.448Z,cs,1.05%,1.379GiB / 2GiB
2026-09-27T09:19:47.448Z,ss1,111.71%,2.218GiB / 4GiB
2026-09-27T09:19:47.448Z,ss2,84.95%,2.275GiB / 4GiB
2026-09-27T09:19:47.448Z,is-provider,5.08%,10.69MiB / 256MiB
2026-09-27T09:19:47.948Z,cs,1.05%,1.379GiB / 2GiB
2026-09-27T09:19:47.948Z,ss1,111.71%,2.218GiB / 4GiB
2026-09-27T09:19:47.948Z,ss2,84.95%,2.275GiB / 4GiB
2026-09-27T09:19:47.948Z,is-provider,5.08%,10.69MiB / 256MiB
2026-09-27T09:19:48.448Z,cs,1.05%,1.379GiB / 2GiB
2026-09-27T09:19:48.448Z,ss1,111.71%,2.218GiB / 4GiB
2026-09-27T09:19:48.448Z,ss2,84.95%,2.275GiB / 4GiB
2026-09-27T09:19:48.448Z,is-provider,5.08%,10.69MiB / 256MiB
2026-09-27T09:19:48.948Z,cs,6.89%,1.379GiB / 2GiB
2026-09-27T09:19:48.948Z,ss1,119.25%,2.218GiB / 4GiB
2026-09-27T09:19:48.948Z,ss2,89.11%,2.275GiB / 4GiB
2026-09-27T09:19:48.948Z,is-provider,0.61%,10.61MiB / 256MiB
2026-09-27T09:19:49.448Z,cs,6.89%,1.379GiB / 2GiB
2026-09-27T09:19:49.448Z,ss1,119.25%,2.218GiB / 4GiB
2026-09-27T09:19:49.448Z,ss2,89.11%,2.275GiB / 4GiB
2026-09-27T09:19:49.448Z,is-provider,0.61%,10.61MiB / 256MiB
2026-09-27T09:19:49.948Z,cs,1.04%,1.379GiB / 2GiB
2026-09-27T09:19:49.948Z,ss1,135.44%,2.218GiB / 4GiB
2026-09-27T09:19:49.948Z,ss2,105.11%,2.275GiB / 4GiB
2026-09-27T09:19:49.948Z,is-provider,0.51%,10.55MiB / 256MiB
2026-09-27T09:19:50.448Z,cs,1.04%,1.379GiB / 2GiB
2026-09-27T09:19:50.448Z,ss1,135.44%,2.218GiB / 4GiB
2026-09-27T09:19:50.448Z,ss2,105.11%,2.275GiB / 4GiB
2026-09-27T09:19:50.448Z,is-provider,0.51%,10.55MiB / 256MiB
2026-09-27T09:19:50.948Z,cs,1.14%,1.379GiB / 2GiB
2026-09-27T09:19:50.948Z,ss1,151.22%,2.218GiB / 4GiB
2026-09-27T09:19:50.948Z,ss2,94.82%,2.275GiB / 4GiB
2026-09-27T09:19:50.948Z,is-provider,0.61%,11.19MiB / 256MiB
2026-09-27T09:19:51.448Z,cs,1.14%,1.379GiB / 2GiB
2026-09-27T09:19:51.448Z,ss1,151.22%,2.218GiB / 4GiB
2026-09-27T09:19:51.448Z,ss2,94.82%,2.275GiB / 4GiB
2026-09-27T09:19:51.448Z,is-provider,0.61%,11.19MiB / 256MiB
2026-09-27T09:19:51.951Z,cs,1.15%,1.379GiB / 2GiB
2026-09-27T09:19:51.951Z,ss1,131.66%,2.218GiB / 4GiB
2026-09-27T09:19:51.951Z,ss2,116.83%,2.275GiB / 4GiB
2026-09-27T09:19:51.951Z,is-provider,0.49%,10.95MiB / 256MiB
2026-09-27T09:19:52.448Z,cs,1.15%,1.379GiB / 2GiB
2026-09-27T09:19:52.448Z,ss1,131.66%,2.218GiB / 4GiB
2026-09-27T09:19:52.448Z,ss2,116.83%,2.275GiB / 4GiB
2026-09-27T09:19:52.448Z,is-provider,0.49%,10.95MiB / 256MiB
2026-09-27T09:19:52.948Z,cs,59.94%,1.379GiB / 2GiB
2026-09-27T09:19:52.948Z,ss1,129.99%,2.218GiB / 4GiB
2026-09-27T09:19:52.948Z,ss2,127.09%,2.275GiB / 4GiB
2026-09-27T09:19:52.948Z,is-provider,5.71%,10.3MiB / 256MiB
2026-09-27T09:19:53.448Z,cs,59.94%,1.379GiB / 2GiB
2026-09-27T09:19:53.448Z,ss1,129.99%,2.218GiB / 4GiB
2026-09-27T09:19:53.448Z,ss2,127.09%,2.275GiB / 4GiB
2026-09-27T09:19:53.448Z,is-provider,5.71%,10.3MiB / 256MiB
2026-09-27T09:19:53.948Z,cs,2.06%,1.379GiB / 2GiB
2026-09-27T09:19:53.948Z,ss1,134.95%,2.218GiB / 4GiB
2026-09-27T09:19:53.948Z,ss2,73.81%,2.275GiB / 4GiB
2026-09-27T09:19:53.948Z,is-provider,0.42%,10.15MiB / 256MiB
2026-09-27T09:19:54.448Z,cs,2.06%,1.379GiB / 2GiB
2026-09-27T09:19:54.448Z,ss1,134.95%,2.218GiB / 4GiB
2026-09-27T09:19:54.448Z,ss2,73.81%,2.275GiB / 4GiB
2026-09-27T09:19:54.448Z,is-provider,0.42%,10.15MiB / 256MiB
2026-09-27T09:19:54.948Z,cs,1.18%,1.379GiB / 2GiB
2026-09-27T09:19:54.948Z,ss1,144.52%,2.226GiB / 4GiB
2026-09-27T09:19:54.948Z,ss2,191.77%,2.282GiB / 4GiB
2026-09-27T09:19:54.948Z,is-provider,0.59%,11.1MiB / 256MiB
2026-09-27T09:19:55.448Z,cs,1.18%,1.379GiB / 2GiB
2026-09-27T09:19:55.448Z,ss1,144.52%,2.226GiB / 4GiB
2026-09-27T09:19:55.448Z,ss2,191.77%,2.282GiB / 4GiB
2026-09-27T09:19:55.448Z,is-provider,0.59%,11.1MiB / 256MiB
2026-09-27T09:19:55.948Z,cs,1.38%,1.378GiB / 2GiB
2026-09-27T09:19:55.948Z,ss1,187.76%,2.227GiB / 4GiB
2026-09-27T09:19:55.948Z,ss2,179.12%,2.335GiB / 4GiB
2026-09-27T09:19:55.948Z,is-provider,0.76%,10.99MiB / 256MiB
2026-09-27T09:19:56.448Z,cs,1.38%,1.378GiB / 2GiB
2026-09-27T09:19:56.448Z,ss1,187.76%,2.227GiB / 4GiB
2026-09-27T09:19:56.448Z,ss2,179.12%,2.335GiB / 4GiB
2026-09-27T09:19:56.448Z,is-provider,0.76%,10.99MiB / 256MiB
2026-09-27T09:19:56.948Z,cs,1.66%,1.378GiB / 2GiB
2026-09-27T09:19:56.948Z,ss1,120.01%,2.223GiB / 4GiB
2026-09-27T09:19:56.948Z,ss2,118.46%,2.28GiB / 4GiB
2026-09-27T09:19:56.948Z,is-provider,0.56%,11.18MiB / 256MiB
2026-09-27T09:19:57.448Z,cs,1.66%,1.378GiB / 2GiB
2026-09-27T09:19:57.448Z,ss1,120.01%,2.223GiB / 4GiB
2026-09-27T09:19:57.448Z,ss2,118.46%,2.28GiB / 4GiB
2026-09-27T09:19:57.448Z,is-provider,0.56%,11.18MiB / 256MiB
2026-09-27T09:19:57.948Z,cs,1.09%,1.378GiB / 2GiB
2026-09-27T09:19:57.948Z,ss1,102.37%,2.223GiB / 4GiB
2026-09-27T09:19:57.948Z,ss2,100.42%,2.28GiB / 4GiB
2026-09-27T09:19:57.948Z,is-provider,5.50%,10.53MiB / 256MiB
2026-09-27T09:19:58.449Z,cs,1.09%,1.378GiB / 2GiB
2026-09-27T09:19:58.449Z,ss1,102.37%,2.223GiB / 4GiB
2026-09-27T09:19:58.449Z,ss2,100.42%,2.28GiB / 4GiB
2026-09-27T09:19:58.449Z,is-provider,5.50%,10.53MiB / 256MiB
2026-09-27T09:19:58.948Z,cs,1.49%,1.378GiB / 2GiB
2026-09-27T09:19:58.948Z,ss1,146.93%,2.224GiB / 4GiB
2026-09-27T09:19:58.948Z,ss2,135.93%,2.28GiB / 4GiB
2026-09-27T09:19:58.948Z,is-provider,0.53%,10.6MiB / 256MiB
2026-09-27T09:19:59.448Z,cs,1.49%,1.378GiB / 2GiB
2026-09-27T09:19:59.448Z,ss1,146.93%,2.224GiB / 4GiB
2026-09-27T09:19:59.448Z,ss2,135.93%,2.28GiB / 4GiB
2026-09-27T09:19:59.448Z,is-provider,0.53%,10.6MiB / 256MiB
2026-09-27T09:19:59.948Z,cs,1.86%,1.378GiB / 2GiB
2026-09-27T09:19:59.948Z,ss1,120.60%,2.223GiB / 4GiB
2026-09-27T09:19:59.948Z,ss2,137.60%,2.28GiB / 4GiB
2026-09-27T09:19:59.948Z,is-provider,0.52%,10.54MiB / 256MiB
2026-09-27T09:20:00.448Z,cs,1.86%,1.378GiB / 2GiB
2026-09-27T09:20:00.448Z,ss1,120.60%,2.223GiB / 4GiB
2026-09-27T09:20:00.448Z,ss2,137.60%,2.28GiB / 4GiB
2026-09-27T09:20:00.448Z,is-provider,0.52%,10.54MiB / 256MiB
2026-09-27T09:20:00.948Z,cs,1.13%,1.379GiB / 2GiB
2026-09-27T09:20:00.948Z,ss1,94.48%,2.223GiB / 4GiB
2026-09-27T09:20:00.948Z,ss2,95.48%,2.28GiB / 4GiB
2026-09-27T09:20:00.948Z,is-provider,0.59%,10.5MiB / 256MiB
2026-09-27T09:20:01.448Z,cs,1.13%,1.379GiB / 2GiB
2026-09-27T09:20:01.448Z,ss1,94.48%,2.223GiB / 4GiB
2026-09-27T09:20:01.448Z,ss2,95.48%,2.28GiB / 4GiB
2026-09-27T09:20:01.448Z,is-provider,0.59%,10.5MiB / 256MiB
2026-09-27T09:20:01.948Z,cs,1.06%,1.379GiB / 2GiB
2026-09-27T09:20:01.948Z,ss1,108.42%,2.224GiB / 4GiB
2026-09-27T09:20:01.948Z,ss2,72.94%,2.28GiB / 4GiB
2026-09-27T09:20:01.948Z,is-provider,0.45%,9.941MiB / 256MiB
2026-09-27T09:20:02.448Z,cs,1.06%,1.379GiB / 2GiB
2026-09-27T09:20:02.448Z,ss1,108.42%,2.224GiB / 4GiB
2026-09-27T09:20:02.448Z,ss2,72.94%,2.28GiB / 4GiB
2026-09-27T09:20:02.448Z,is-provider,0.45%,9.941MiB / 256MiB
2026-09-27T09:20:02.948Z,cs,69.67%,1.379GiB / 2GiB
2026-09-27T09:20:02.948Z,ss1,84.88%,2.224GiB / 4GiB
2026-09-27T09:20:02.948Z,ss2,102.51%,2.28GiB / 4GiB
2026-09-27T09:20:02.948Z,is-provider,4.91%,9.934MiB / 256MiB
2026-09-27T09:20:03.448Z,cs,69.67%,1.379GiB / 2GiB
2026-09-27T09:20:03.448Z,ss1,84.88%,2.224GiB / 4GiB
2026-09-27T09:20:03.448Z,ss2,102.51%,2.28GiB / 4GiB
2026-09-27T09:20:03.448Z,is-provider,4.91%,9.934MiB / 256MiB
2026-09-27T09:20:03.948Z,cs,1.04%,1.379GiB / 2GiB
2026-09-27T09:20:03.948Z,ss1,77.63%,2.223GiB / 4GiB
2026-09-27T09:20:03.948Z,ss2,82.61%,2.281GiB / 4GiB
2026-09-27T09:20:03.948Z,is-provider,0.56%,10.55MiB / 256MiB
2026-09-27T09:20:04.448Z,cs,1.04%,1.379GiB / 2GiB
2026-09-27T09:20:04.448Z,ss1,77.63%,2.223GiB / 4GiB
2026-09-27T09:20:04.448Z,ss2,82.61%,2.281GiB / 4GiB
2026-09-27T09:20:04.448Z,is-provider,0.56%,10.55MiB / 256MiB
2026-09-27T09:20:04.948Z,cs,0.99%,1.379GiB / 2GiB
2026-09-27T09:20:04.948Z,ss1,127.97%,2.224GiB / 4GiB
2026-09-27T09:20:04.948Z,ss2,92.32%,2.281GiB / 4GiB
2026-09-27T09:20:04.948Z,is-provider,0.41%,10.5MiB / 256MiB
2026-09-27T09:20:05.448Z,cs,0.99%,1.379GiB / 2GiB
2026-09-27T09:20:05.448Z,ss1,127.97%,2.224GiB / 4GiB
2026-09-27T09:20:05.448Z,ss2,92.32%,2.281GiB / 4GiB
2026-09-27T09:20:05.448Z,is-provider,0.41%,10.5MiB / 256MiB
2026-09-27T09:20:05.948Z,cs,0.91%,1.379GiB / 2GiB
2026-09-27T09:20:05.948Z,ss1,90.20%,2.223GiB / 4GiB
2026-09-27T09:20:05.948Z,ss2,94.56%,2.28GiB / 4GiB
2026-09-27T09:20:05.948Z,is-provider,0.52%,10.49MiB / 256MiB
2026-09-27T09:20:06.448Z,cs,0.91%,1.379GiB / 2GiB
2026-09-27T09:20:06.448Z,ss1,90.20%,2.223GiB / 4GiB
2026-09-27T09:20:06.448Z,ss2,94.56%,2.28GiB / 4GiB
2026-09-27T09:20:06.448Z,is-provider,0.52%,10.49MiB / 256MiB
